DisNo.,Historic,Classification Key,Disaster Group,Disaster Subgroup,Disaster Type,Disaster Subtype,External IDs,Event Name,ISO,Country,Subregion,Region,Location,Origin,Associated Types,OFDA/BHA Response,Appeal,Declaration,AID Contribution ('000 US$),Magnitude,Magnitude Scale,Latitude,Longitude,River Basin,Start Year,Start Month,Start Day,End Year,End Month,End Day,Total Deaths,No. Injured,No. Affected,No. Homeless,Total Affected,Reconstruction Costs ('000 US$),"Reconstruction Costs, Adjusted ('000 US$)",Insured Damage ('000 US$),"Insured Damage, Adjusted ('000 US$)",Total Damage ('000 US$),"Total Damage, Adjusted ('000 US$)",CPI,Admin Units,Entry Date,Last Update
1905-0001-ITA,Yes,nat-geo-ear-gro,Natural,Geophysical,Earthquake,Ground movement,,,ITA,Italy,Southern Europe,Europe,"MONTELEONE, TROPEA, MONTE PORO (Calabria)",,,No,No,No,,7.1,Richter,38.67,16.07,,1905,9,8,1905,9,8,557,2000,,20100,22100,,,,,,,3.070275188,,2003-07-01,2023-09-25
1906-0012-ITA,Yes,nat-geo-vol-ash,Natural,Geophysical,Volcanic activity,Ash fall,,Mt. Vesuve,ITA,Italy,Southern Europe,Europe,,,,No,No,No,,,,40.821,14.426,,1906,4,18,1906,4,18,700,,,,,,,,,,,3.070275188,,2003-11-16,2023-09-25
1908-0007-ITA,Yes,nat-geo-ear-gro,Natural,Geophysical,Earthquake,Ground movement,,,ITA,Italy,Southern Europe,Europe,"Messina, Regio, Calabria, Sicilia",,Tsunami/Tidal wave,No,No,No,,7,Richter,38.17,15.58,,1908,12,28,1908,12,28,75000,,150000,,150000,,,,,116000,3778163,3.070275188,,2011-05-23,2023-09-25
1914-0028-ITA,Yes,nat-geo-ear-gro,Natural,Geophysical,Earthquake,Ground movement,,,ITA,Italy,Southern Europe,Europe,"Catania, Etna",,,No,No,No,,4.9,Richter,37.7,15.2,,1914,5,8,1914,5,8,120,,,669,669,,,,,,,3.416467373,,2019-08-07,2023-09-25
1915-0002-ITA,Yes,nat-geo-ear-gro,Natural,Geophysical,Earthquake,Ground movement,,,ITA,Italy,Southern Europe,Europe,"Avezzano, Marsica (Abruzze)",,,No,No,No,,7.5,Richter,42.02,13.26,,1915,1,13,1915,1,13,29980,,,,,,,,,60000,1738812,3.450632046,,2011-05-23,2023-09-25
1920-0014-ITA,Yes,nat-geo-ear-gro,Natural,Geophysical,Earthquake,Ground movement,,,ITA,Italy,Southern Europe,Europe,"Carrara, Farfagnana",,,No,No,No,,5.8,Richter,44.3,10.3,,1920,9,7,1920,9,7,1400,,,,,,,,,,,6.832934745,,2003-07-01,2023-09-25
1922-0002-ITA,Yes,nat-hyd-mmw-lan,Natural,Hydrological,Mass movement (wet),Landslide (wet),,,ITA,Italy,Southern Europe,Europe,Sicily,,,No,No,No,,,,,,,1922,2,11,1922,2,11,100,,,,,,,,,,,5.739665186,,2003-07-01,2023-09-25
1930-0008-ITA,Yes,nat-geo-ear-gro,Natural,Geophysical,Earthquake,Ground movement,,,ITA,Italy,Southern Europe,Europe,"Irpina, Naples",,,No,No,No,,6.4,Richter,40.922,15.377,,1930,7,23,1930,7,23,1883,,10000,,10000,,,,,5000,87635,5.705500512,,2003-07-01,2023-09-25
1930-0033-ITA,Yes,nat-geo-ear-gro,Natural,Geophysical,Earthquake,Ground movement,,,ITA,Italy,Southern Europe,Europe,Senigalia,,,No,No,No,,5.9,Richter,43.667,13.267,,1930,10,30,1930,10,30,18,,,,,,,,,,,5.705500512,,2019-08-08,2023-09-25
1933-0027-ITA,Yes,nat-geo-ear-gro,Natural,Geophysical,Earthquake,Ground movement,,,ITA,Italy,Southern Europe,Europe,Central,,,No,No,No,,,Richter,42,14.2,,1933,9,26,1933,9,26,10,,,,,,,,,,,4.407242911,,2019-08-12,2023-09-25
1935-0025-ITA,Yes,tec-tra-air-air,Technological,Transport,Air,Air,,Short Kent,ITA,Italy,Southern Europe,Europe,Brindisi,,,No,No,No,,,,,,,1935,11,9,1935,11,9,12,,,,,,,,,,,4.680560301,,2003-07-01,2023-09-25
1938-0015-ITA,Yes,tec-tra-air-air,Technological,Transport,Air,Air,,Junkers JU-52,ITA,Italy,Southern Europe,Europe,Near Formia,,,No,No,No,,,,,,,1938,4,30,1938,4,30,19,,,,,,,,,,,4.817218996,,2003-07-01,2023-09-25
1938-0020-ITA,Yes,tec-tra-air-air,Technological,Transport,Air,Air,,Savoia Marchetti S-66,ITA,Italy,Southern Europe,Europe,Off Sardinia,,,No,No,No,,,,,,,1938,7,14,1938,7,14,20,,,,,,,,,,,4.817218996,,2003-07-01,2023-09-25
1938-0024-ITA,Yes,tec-tra-air-air,Technological,Transport,Air,Air,,Macchhi C-94,ITA,Italy,Southern Europe,Europe,Montnago,,,No,No,No,,,,,,,1938,8,18,1938,8,18,15,,,,,,,,,,,4.817218996,,2003-07-01,2023-09-25
1939-0018-ITA,Yes,nat-hyd-flo-riv,Natural,Hydrological,Flood,Riverine flood,,,ITA,Italy,Southern Europe,Europe,Soverato,,,No,No,No,,,Km2,,,,1939,,,1939,,,10,,,,,,,,,,,4.748889648,,2003-07-01,2023-09-25
1944-0023-ITA,Yes,tec-tra-rai-rai,Technological,Transport,Rail,Rail,,,ITA,Italy,Southern Europe,Europe,Salerno,,,No,No,No,,,,,,,1944,3,4,1944,3,4,521,,,,,,,,,,,6.012982576,,2003-07-01,2023-09-25
1944-0044-ITA,Yes,nat-geo-vol-ash,Natural,Geophysical,Volcanic activity,Ash fall,,Mt. Vesuve,ITA,Italy,Southern Europe,Europe,Napoli,,,No,No,No,,,,40.821,14.426,,1944,3,18,1944,3,18,26,,,14000,14000,,,,,,,6.012982576,,2006-02-09,2023-09-25
1948-0023-ITA,Yes,nat-met-sto-sto,Natural,Meteorological,Storm,Storm (General),,,ITA,Italy,Southern Europe,Europe,,,,No,No,No,,,Kph,,,,1948,9,,1948,9,,80,,,,,,,,,,,8.199521695,,2003-07-01,2023-09-25
1948-0026-ITA,Yes,nat-hyd-mmw-lan,Natural,Hydrological,Mass movement (wet),Landslide (wet),,,ITA,Italy,Southern Europe,Europe,,,,No,No,No,,,,,,,1948,11,,1948,11,,25,,,,,,,,,,,8.199521695,,2003-07-01,2023-09-25
1951-0020-ITA,Yes,nat-hyd-flo-flo,Natural,Hydrological,Flood,Flood (General),,,ITA,Italy,Southern Europe,Europe,"Po river Valley, Polesine",,,No,No,No,,,Km2,,,,1951,11,14,1951,11,14,100,,,170000,170000,,,,,300000,3377308,8.882815169,,2006-02-09,2023-09-25
1951-0042-ITA,Yes,nat-hyd-flo-flo,Natural,Hydrological,Flood,Flood (General),,,ITA,Italy,Southern Europe,Europe,Reggio Calabria,,,No,No,No,,,Km2,,,,1951,10,16,1951,10,16,63,,,3500,3500,,,,,,,8.882815169,,2006-02-09,2023-09-25
1953-0056-ITA,Yes,nat-hyd-flo-flo,Natural,Hydrological,Flood,Flood (General),,,ITA,Italy,Southern Europe,Europe,Catanzaro (Reggio Calabria),,,No,No,No,,,Km2,,,,1953,10,21,1953,10,21,100,,,4000,4000,,,,,,,9.156132559,,2006-02-09,2023-09-25
1954-0058-ITA,Yes,nat-hyd-mmw-lan,Natural,Hydrological,Mass movement (wet),Landslide (wet),,,ITA,Italy,Southern Europe,Europe,Salerno,,,No,No,No,,,,,,,1954,10,25,1954,10,25,297,,,5466,5466,,,,,,,9.190297233,,2006-02-09,2023-09-25
1955-0053-ITA,Yes,tec-tra-air-air,Technological,Transport,Air,Air,,DC-6b,ITA,Italy,Southern Europe,Europe,Terminillo (Italy),,,No,No,No,,,,,,,1955,2,13,1955,2,13,29,,,,,,,,,,,9.149004407,,2005-04-15,2023-09-25
1960-0059-ITA,Yes,nat-hyd-mmw-lan,Natural,Hydrological,Mass movement (wet),Landslide (wet),,,ITA,Italy,Southern Europe,Europe,Loveno,,,No,No,No,,,,,,,1960,9,17,1960,9,17,12,,,,,,,,,,,10.10576299,,2006-02-09,2023-09-25
1962-0045-ITA,Yes,nat-geo-ear-gro,Natural,Geophysical,Earthquake,Ground movement,,,ITA,Italy,Southern Europe,Europe,Irpinia,,,No,No,No,,6.1,Richter,41.4,15.5,,1962,8,21,1962,8,21,16,,,30000,30000,,,,,,,10.33641036,,2006-02-09,2023-09-25
1963-0032-ITA,Yes,nat-hyd-mmw-lan,Natural,Hydrological,Mass movement (wet),Landslide (wet),,,ITA,Italy,Southern Europe,Europe,"Vajont dam, Longarone (Belluno, Podova)",,,No,No,No,,,,,,,1963,10,9,1963,10,9,1917,,,,,,,,,,,10.46454239,,2006-02-09,2023-09-25
1965-0041-ITA,Yes,nat-met-sto-tor,Natural,Meteorological,Storm,Tornado,,,ITA,Italy,Southern Europe,Europe,North,,,No,No,No,,,Kph,,,,1965,7,5,1965,7,5,37,,,,,,,,,,,10.76637873,,2003-07-01,2023-09-25
1965-0052-ITA,Yes,nat-hyd-flo-flo,Natural,Hydrological,Flood,Flood (General),,,ITA,Italy,Southern Europe,Europe,Rome to Sicily,,,No,No,No,,,Km2,,,,1965,9,2,1965,9,2,55,,,,,,,,,,,10.76637873,,2003-07-01,2023-09-25
1966-0086-ITA,Yes,nat-hyd-flo-flo,Natural,Hydrological,Flood,Flood (General),,,ITA,Italy,Southern Europe,Europe,"Florence, Venice",,,Yes,No,No,,,Km2,,,,1966,11,3,1966,11,3,70,,,1300000,1300000,,,,,2000000,18032644,11.09099715,,2006-02-09,2023-09-25
1968-0023-ITA,Yes,nat-geo-ear-gro,Natural,Geophysical,Earthquake,Ground movement,,,ITA,Italy,Southern Europe,Europe,Belice Valley (Western Sicily),,,Yes,No,No,,6.4,Richter,37.702,13.033,,1968,1,15,1968,1,15,224,563,55000,,55563,,,,,250000,2103413,11.88544651,,2006-02-09,2023-09-25
1968-0081-ITA,Yes,nat-hyd-flo-flo,Natural,Hydrological,Flood,Flood (General),,,ITA,Italy,Southern Europe,Europe,"Piedmont, Asti, Biella, Novarra",,,No,No,No,,,Km2,,,,1968,11,2,1968,11,2,72,,,3000,3000,,,,,,,11.88544651,,2006-02-09,2023-09-25
1970-0047-ITA,Yes,nat-met-sto-tro,Natural,Meteorological,Storm,Tropical cyclone,,,ITA,Italy,Southern Europe,Europe,Venice,,,No,No,No,,,Kph,,,,1970,9,11,1970,9,11,35,,200,,200,,,,,3200,24121,13.26647996,,2003-07-01,2023-09-25
1970-0055-ITA,Yes,nat-hyd-flo-riv,Natural,Hydrological,Flood,Riverine flood,,,ITA,Italy,Southern Europe,Europe,Genoa provinces,,,Yes,No,No,,,Km2,,,,1970,10,7,1970,10,7,37,,1300000,1650,1301650,,,,,268300,2022390,13.26647996,,2003-07-01,2023-09-25
1971-0014-ITA,Yes,nat-geo-ear-gro,Natural,Geophysical,Earthquake,Ground movement,,,ITA,Italy,Southern Europe,Europe,Toscana,,,No,No,No,,4.6,Richter,42.5,11.8,,1971,2,6,1971,2,6,22,100,4120,,4220,,,,,41600,300665,13.83598355,,2004-01-29,2023-09-25
1972-0084-ITA,Yes,nat-geo-ear-gro,Natural,Geophysical,Earthquake,Ground movement,,,ITA,Italy,Southern Europe,Europe,Ancona,,,No,No,No,,4.8,Richter,43.8,13.3,,1972,2,4,1972,2,4,1,,450,,450,,,,,,,14.288734,,2004-04-05,2023-09-25
1972-0150-ITA,Yes,nat-geo-ear-gro,Natural,Geophysical,Earthquake,Ground movement,,,ITA,Italy,Southern Europe,Europe,Ancona,,,No,No,No,,4.4,Richter,43.8,13.3,,1972,6,21,1972,6,21,2,,,,,,,,,300000,2099556,14.288734,,2020-04-09,2023-09-25
1973-0001-ITA,Yes,nat-met-sto-sto,Natural,Meteorological,Storm,Storm (General),,,ITA,Italy,Southern Europe,Europe,South Sicily,,,No,No,No,,,Kph,,,,1973,1,1,1973,1,1,24,,5000,,5000,,,,,360000,2372878,15.17145282,,2003-07-01,2023-09-25
1973-0032-ITA,Yes,nat-met-sto-sto,Natural,Meteorological,Storm,Storm (General),,,ITA,Italy,Southern Europe,Europe,Riviera,,,No,No,No,,,Kph,,,,1973,7,14,1973,7,14,14,,,,,,,,,,,15.17145282,,2003-07-01,2023-09-25
1973-0041-ITA,Yes,nat-met-sto-sto,Natural,Meteorological,Storm,Storm (General),,,ITA,Italy,Southern Europe,Europe,Palermo,,,No,No,No,,,Kph,,,,1973,10,,1973,10,,,,,,,,,,,120000,790959,15.17145282,,2003-07-01,2023-09-25
1975-0025-ITA,Yes,nat-hyd-mmw-lan,Natural,Hydrological,Mass movement (wet),Landslide (wet),,,ITA,Italy,Southern Europe,Europe,Alps,,,No,No,No,,,,,,,1975,4,,1975,4,,12,,,,,,,,,,,18.38912907,,2003-07-01,2023-09-25
1976-0037-ITA,Yes,nat-geo-ear-gro,Natural,Geophysical,Earthquake,Ground movement,,,ITA,Italy,Southern Europe,Europe,Friuli region,,,No,No,No,,6.5,Richter,46.356,13.275,,1976,5,6,1976,5,6,922,1750,111472,105000,218222,,,,,3600000,18513239,19.44554409,,2004-01-27,2023-09-25
1976-0046-ITA,Yes,tec-ind-exp-exp,Technological,Industrial accident,Explosion (Industrial),Explosion (Industrial),,Chemical plant,ITA,Italy,Southern Europe,Europe,Seveso,,,Yes,No,No,,,m3,,,,1976,7,10,1976,7,10,,193,700,190000,190893,,,,,,,19.44554409,,2003-07-01,2023-09-25
1976-0190-ITA,Yes,tec-mis-mis-mis,Technological,Miscellaneous accident,Miscellaneous accident (General),Miscellaneous accident (General),,,ITA,Italy,Southern Europe,Europe,Cavalese,,,No,No,No,,,,,,,1976,3,10,1976,3,10,42,,,,,,,,,,,19.44554409,,2003-07-01,2023-09-25
1976-0195-ITA,Yes,nat-geo-ear-gro,Natural,Geophysical,Earthquake,Ground movement,,,ITA,Italy,Southern Europe,Europe,Friuli,,,Yes,No,No,,,Richter,,,,1976,9,9,1976,9,9,12,,,32000,32000,,,,,,,19.44554409,,2006-02-09,2023-09-25
1976-0196-ITA,Yes,nat-geo-ear-gro,Natural,Geophysical,Earthquake,Ground movement,,,ITA,Italy,Southern Europe,Europe,Northeastern,,,No,No,No,,,Richter,46.302,13.197,,1976,9,15,1976,9,15,11,,,,,,,,,,,19.44554409,,2020-09-03,2023-09-25
1977-0063-ITA,Yes,nat-hyd-flo-flo,Natural,Hydrological,Flood,Flood (General),,,ITA,Italy,Southern Europe,Europe,South West Turin,,,No,No,No,,,Km2,,,,1977,5,,1977,5,,7,,,,,,,,,44000,212459,20.7098325,,2003-07-01,2023-09-25
1977-0122-ITA,Yes,nat-hyd-flo-flo,Natural,Hydrological,Flood,Flood (General),,,ITA,Italy,Southern Europe,Europe,North (Po plain),,,No,No,No,,,Km2,,,,1977,10,,1977,10,,16,,1000,,1000,,,,,150000,724294,20.7098325,,2003-07-01,2023-09-25
1978-0054-ITA,Yes,tec-tra-rai-rai,Technological,Transport,Rail,Rail,,,ITA,Italy,Southern Europe,Europe,Bologna,,,No,No,No,,,,,,,1978,4,14,1978,4,14,43,120,,,120,,,,,,,22.29019504,,2003-07-01,2023-09-25
1978-0057-ITA,Yes,nat-geo-ear-gro,Natural,Geophysical,Earthquake,Ground movement,,,ITA,Italy,Southern Europe,Europe,Sicily,,,No,No,No,,5.7,Richter,38.391,15.066,,1978,4,16,1978,4,16,5,,900,,900,,,,,,,22.29019504,,2004-01-23,2023-09-25
1978-0082-ITA,Yes,nat-met-sto-tor,Natural,Meteorological,Storm,Tornado,,,ITA,Italy,Southern Europe,Europe,Udine,,,No,No,No,,,Kph,,,,1978,6,25,1978,6,25,1,19,,,19,,,,,1000,4486,22.29019504,,2003-07-01,2023-09-25
1978-0190-ITA,Yes,tec-ind-che-che,Technological,Industrial accident,Chemical spill,Chemical spill,,,ITA,Italy,Southern Europe,Europe,Manfradonia,,,No,No,No,,,m3,,,,1978,,,1978,,,,,10000,,10000,,,,,,,22.29019504,,2003-07-01,2023-09-25
1979-0087-ITA,Yes,nat-geo-vol-ash,Natural,Geophysical,Volcanic activity,Ash fall,,Mt. Etna,ITA,Italy,Southern Europe,Europe,Sicily,,,No,No,No,,,,37.734,15.004,,1979,9,12,1979,9,12,9,24,,,24,,,,,,,24.79884057,,2003-07-01,2023-09-25
1979-0216-ITA,Yes,nat-geo-ear-gro,Natural,Geophysical,Earthquake,Ground movement,,,ITA,Italy,Southern Europe,Europe,Val Nerina (Umbria),,,No,No,No,,5.8,Richter,42.812,13.061,,1979,9,19,1979,9,19,5,,,5000,5000,,,,,,,24.79884057,,2010-03-12,2023-09-25
1980-0075-ITA,Yes,tec-mis-exp-exp,Technological,Miscellaneous accident,Explosion (Miscellaneous),Explosion (Miscellaneous),,,ITA,Italy,Southern Europe,Europe,,,,No,No,No,,,,,,,1980,8,2,1980,8,2,76,200,,,200,,,,,,,28.15888663,,2003-07-01,2023-09-25
1980-0102-ITA,Yes,tec-tra-rai-rai,Technological,Transport,Rail,Rail,,,ITA,Italy,Southern Europe,Europe,Vibo Valentia,,,No,No,No,,,,,,,1980,11,21,1980,11,21,28,100,,,100,,,,,,,28.15888663,,2003-07-01,2023-09-25
1980-0103-ITA,Yes,nat-geo-ear-gro,Natural,Geophysical,Earthquake,Ground movement,,,ITA,Italy,Southern Europe,Europe,"Avellino, Potenza, Caserta, Naples",,,Yes,No,No,,6.9,Richter,40.914,15.366,,1980,11,23,1980,11,23,4689,7700,400000,,407700,,,,,20000000,71025535,28.15888663,,2004-01-20,2023-09-25
1981-0123-ITA,Yes,nat-geo-ear-gro,Natural,Geophysical,Earthquake,Ground movement,,,ITA,Italy,Southern Europe,Europe,Mazara del Vallo area (Sicily),,,No,No,No,,4.9,Richter,37.67,12.47,,1981,6,7,1981,6,7,,6,300,,306,,,,,,,31.06902495,,2004-04-01,2023-09-25
1981-0224-ITA,Yes,nat-geo-ear-gro,Natural,Geophysical,Earthquake,Ground movement,,,ITA,Italy,Southern Europe,Europe,South,,,No,No,No,,4.6,Richter,41.051,14.601,,1981,2,14,1981,2,14,12,,,,,,,,,500,1609,31.06902495,,2004-01-16,2023-09-25
1982-0035-ITA,Yes,nat-geo-ear-gro,Natural,Geophysical,Earthquake,Ground movement,,,ITA,Italy,Southern Europe,Europe,"Avellino, Potenza",,,No,No,No,,,Richter,,,,1982,3,21,1982,3,21,,,1000,,1000,,,,,,,32.97399781,,2004-01-16,2023-09-25
1982-0106-ITA,Yes,nat-geo-ear-gro,Natural,Geophysical,Earthquake,Ground movement,,,ITA,Italy,Southern Europe,Europe,Perugia area (Umbria),,,No,No,No,,4.4,Richter,43.164,12.586,,1982,10,17,1982,10,17,,,5000,,5000,,,,,35000,106144,32.97399781,,2004-01-16,2023-09-25
1982-0132-ITA,Yes,nat-hyd-mmw-lan,Natural,Hydrological,Mass movement (wet),Landslide (wet),,,ITA,Italy,Southern Europe,Europe,Ancona,,,No,No,No,,,,,,,1982,12,14,1982,12,14,,,4000,,4000,,,,,700000,2122885,32.97399781,,2003-07-01,2023-09-25
1983-0099-ITA,Yes,nat-cli-wil-for,Natural,Climatological,Wildfire,Forest fire,,,ITA,Italy,Southern Europe,Europe,"Sardinia, Calabria",,,Yes,No,No,,1000,Km2,,,,1983,7,25,1983,7,25,7,20,,,20,,,,,,,34.03326363,,2003-07-01,2023-09-25
1983-0112-ITA,Yes,nat-geo-ear-gro,Natural,Geophysical,Earthquake,Ground movement,,,ITA,Italy,Southern Europe,Europe,Pozzuoli (Naples),,,No,No,No,,,Richter,40.5,14.15,,1983,9,19,1983,9,19,,30,20000,1000,21030,,,,,,,34.03326363,,2006-02-09,2023-09-25
1983-0368-ITA,Yes,nat-hyd-mmw-lan,Natural,Hydrological,Mass movement (wet),Landslide (wet),,,ITA,Italy,Southern Europe,Europe,Lombardy province,,,No,No,No,,,,,,,1983,5,22,1983,5,22,,,,,,,,,,,,34.03326363,,2006-02-09,2023-09-25
1983-0532-ITA,Yes,tec-mis-mis-mis,Technological,Miscellaneous accident,Miscellaneous accident (General),Miscellaneous accident (General),,,ITA,Italy,Southern Europe,Europe,Val d'Aoste,,,No,No,No,,,,,,,1983,2,13,1983,2,13,11,,,,,,,,,,,34.03326363,,2003-07-01,2023-09-25
1983-0533-ITA,Yes,tec-mis-fir-fir,Technological,Miscellaneous accident,Fire (Miscellaneous),Fire (Miscellaneous),,Cinema,ITA,Italy,Southern Europe,Europe,Turin,,,No,No,No,,,,,,,1983,2,1,1983,2,1,64,,,,,,,,,,,34.03326363,,2003-07-01,2023-09-25
1983-0589-ITA,Yes,nat-geo-ear-gro,Natural,Geophysical,Earthquake,Ground movement,,,ITA,Italy,Southern Europe,Europe,Parma,,,No,No,No,,,Richter,44.689,10.317,,1983,11,9,1983,11,9,,100,,,100,,,,,,,34.03326363,,2022-05-19,2023-09-25
1984-0038-ITA,Yes,nat-geo-ear-gro,Natural,Geophysical,Earthquake,Ground movement,,,ITA,Italy,Southern Europe,Europe,"Assisi, Gubbio, Perugia area (Umbria Province)",,,No,No,No,,5.8,Richter,43.26,12.558,,1984,4,29,1984,4,29,3,200,,4000,4200,,,,,25000,70429,35.49688113,,2004-01-13,2023-09-25
1984-0047-ITA,Yes,nat-geo-ear-gro,Natural,Geophysical,Earthquake,Ground movement,,,ITA,Italy,Southern Europe,Europe,Abruzzo area,,,No,No,No,,5.4,Richter,42.1,13.5,,1984,5,7,1984,5,7,3,83,5000,,5083,,,,,,,35.49688113,,2004-01-13,2023-09-25
1984-0107-ITA,Yes,tec-mis-fir-fir,Technological,Miscellaneous accident,Fire (Miscellaneous),Fire (Miscellaneous),,,ITA,Italy,Southern Europe,Europe,Venice,,,No,No,No,,,,,,,1984,11,5,1984,11,5,,,,,,,,,,3000,8451,35.49688113,,2003-07-01,2023-09-25
1984-0122-ITA,Yes,tec-tra-rai-rai,Technological,Transport,Rail,Rail,,,ITA,Italy,Southern Europe,Europe,Near Florence,,,No,No,No,,,,,,,1984,12,13,1984,12,13,29,200,,,200,,,,,,,35.49688113,,2003-07-01,2023-09-25
1984-0274-ITA,Yes,nat-geo-ear-gro,Natural,Geophysical,Earthquake,Ground movement,,,ITA,Italy,Southern Europe,Europe,"Mt. Etna, Catania (Sicily)",,,No,No,No,,,Richter,37.31,15.06,,1984,10,20,1984,10,20,1,2,,300,302,,,,,,,35.49688113,,2004-01-13,2023-09-25
1984-0275-ITA,Yes,tec-ind-poi-poi,Technological,Industrial accident,Poisoning,Poisoning,,,ITA,Italy,Southern Europe,Europe,Caluso,,,No,No,No,,,m3,,,,1984,12,17,1984,12,17,,,800,,800,,,,,,,35.49688113,,2003-07-01,2023-09-25
1985-0081-ITA,Yes,nat-hyd-flo-fla,Natural,Hydrological,Flood,Flash flood,,,ITA,Italy,Southern Europe,Europe,Cavalese-Stava (Dolomites),,Broken Dam/Burst bank,No,No,No,,,Km2,,,,1985,7,19,1985,7,19,329,30,,,30,,,,,15000,40810,36.75546794,,2010-07-30,2023-09-25
1985-0262-ITA,Yes,tec-mis-col-col,Technological,Miscellaneous accident,Collapse (Miscellaneous),Collapse (Miscellaneous),,Building,ITA,Italy,Southern Europe,Europe,Castellanata,,,No,No,No,,,,,,,1985,2,7,1985,2,7,37,9,,,9,,,,,,,36.75546794,,2003-07-01,2023-09-25
1985-0264-ITA,Yes,tec-tra-roa-roa,Technological,Transport,Road,Road,,,ITA,Italy,Southern Europe,Europe,Near Santanna Vinadio,,,No,No,No,,,,,,,1985,8,5,1985,8,5,9,32,,,32,,,,,,,36.75546794,,2003-07-01,2023-09-25
1986-0031-ITA,Yes,nat-hyd-flo-flo,Natural,Hydrological,Flood,Flood (General),,,ITA,Italy,Southern Europe,Europe,Venice,,,No,No,No,,,Km2,,,,1986,2,2,1986,2,2,2,,,,,,,,,20000,53400,37.45311166,,2003-07-01,2023-09-25
1986-0221-ITA,Yes,tec-ind-poi-poi,Technological,Industrial accident,Poisoning,Poisoning,,,ITA,Italy,Southern Europe,Europe,,,,No,No,No,,,m3,,,,1986,,,1986,,,19,10,,,10,,,,,,,37.45311166,,2003-07-01,2023-09-25
1987-0119-ITA,Yes,nat-hyd-mmw-lan,Natural,Hydrological,Mass movement (wet),Landslide (wet),,,ITA,Italy,Southern Europe,Europe,"Valtellina, Sant'Antonio, Morignone",,,No,No,No,,,,,,,1987,7,28,1987,7,28,44,189,3000,,3189,,,,,625000,1609763,38.82560081,,2008-04-04,2023-09-25
1987-0324-ITA,Yes,nat-hyd-flo-flo,Natural,Hydrological,Flood,Flood (General),,,ITA,Italy,Southern Europe,Europe,"Firenze district (Toscana province), Roma district (Lazio province)",,,No,No,No,,,Km2,,,,1987,9,,1987,9,,,,,,,,,,,70000,180293,38.82560081,"[{""adm2_code"":18350,""adm2_name"":""Roma""},{""adm2_code"":18400,""adm2_name"":""Firenze""}]",2003-07-01,2023-09-25
1987-0340-ITA,Yes,nat-met-sto-sto,Natural,Meteorological,Storm,Storm (General),,,ITA,Italy,Southern Europe,Europe,,,,No,No,No,,,Kph,,,,1987,3,,1987,3,,,,,,,,,,,78000,200898,38.82560081,,2003-07-01,2023-09-25
1987-0347-ITA,Yes,nat-met-sto-sto,Natural,Meteorological,Storm,Storm (General),,,ITA,Italy,Southern Europe,Europe,"Sondrio, Bergame, Come",,,No,No,No,,,Kph,,,,1987,7,9,1987,7,9,24,,,,,,,,,625700,1611566,38.82560081,,2003-07-01,2023-09-25
1987-0352-ITA,Yes,nat-met-sto-sto,Natural,Meteorological,Storm,Storm (General),,,ITA,Italy,Southern Europe,Europe,"North region, Alpes region",,,No,No,No,,,Kph,,,,1987,8,24,1987,8,26,9,,,,,,,,,500000,1287810,38.82560081,,2008-04-04,2023-09-25
1987-0430-ITA,Yes,tec-tra-air-air,Technological,Transport,Air,Air,,Bimoteur à turbopropulseur ATR 42,ITA,Italy,Southern Europe,Europe,"Come, Monte Crezzo",,,No,No,No,,,,,,,1987,10,15,1987,10,15,37,,,,,,,,,,,38.82560081,,2003-07-01,2023-09-25
1987-0597-ITA,Yes,nat-hyd-mmw-lan,Natural,Hydrological,Mass movement (wet),Landslide (wet),,,ITA,Italy,Southern Europe,Europe,Tartano,,,No,No,No,,,,,,,1987,7,17,1987,7,17,13,,3000,,3000,,,,,,,38.82560081,,2008-04-04,2023-09-25
1988-0472-ITA,Yes,tec-tra-air-air,Technological,Transport,Air,Air,,Boeing 707,ITA,Italy,Southern Europe,Europe,Rome,,,No,No,No,,,,,,,1988,10,18,1988,10,18,32,,,,,,,,,,,40.40880605,,2003-07-01,2023-09-25
1989-0337-ITA,Yes,tec-mis-fir-fir,Technological,Miscellaneous accident,Fire (Miscellaneous),Fire (Miscellaneous),,,ITA,Italy,Southern Europe,Europe,Turin,,,No,No,No,,,,,,,1989,6,4,1989,6,4,10,,,,,,,,,,,42.35934309,,2003-07-01,2023-09-25
1989-0381-ITA,Yes,tec-tra-rai-rai,Technological,Transport,Rail,Rail,,,ITA,Italy,Southern Europe,Europe,Crotone (Calabria),,,No,No,No,,,,,,,1989,11,16,1989,11,16,15,30,,,30,,,,,,,42.35934309,,2003-07-01,2023-09-25
1990-0074-ITA,Yes,tec-tra-wat-wat,Technological,Transport,Water,Water,,"Ferry ""Trapani Express""",ITA,Italy,Southern Europe,Europe,Sicily west coast,,,No,No,No,,,,,,,1990,4,30,1990,4,30,13,,,,,,,,,,,44.64587744,,2003-07-01,2023-09-25
1990-0105-ITA,Yes,nat-geo-ear-gro,Natural,Geophysical,Earthquake,Ground movement,,,ITA,Italy,Southern Europe,Europe,Potenza area,,,No,No,No,,5.4,Richter,40.38,15.48,,1990,5,6,1990,5,6,2,16,,,16,,,,,,,44.64587744,,2009-04-17,2023-09-25
1990-0157-ITA,Yes,tec-tra-air-air,Technological,Transport,Air,Air,,,ITA,Italy,Southern Europe,Europe,Casalecchio di Reno (Bologna),,,No,No,No,,,,,,,1990,12,7,1990,12,7,12,70,200,,270,,,,,,,44.64587744,,2003-07-01,2023-09-25
1990-0250-ITA,Yes,nat-geo-ear-gro,Natural,Geophysical,Earthquake,Ground movement,,,ITA,Italy,Southern Europe,Europe,Carlentini (Sicily),,,No,No,No,,4.7,Richter,37.3,15.438,,1990,12,13,1990,12,13,19,200,,2500,2700,,,,,500000,1119924,44.64587744,,2004-03-30,2023-09-25
1990-0344-ITA,Yes,nat-cli-wil-for,Natural,Climatological,Wildfire,Forest fire,,,ITA,Italy,Southern Europe,Europe,"Peimont, Lombardie",Drought period,,No,No,No,,,Km2,,,,1990,3,,1990,7,,,,,,,,,,,880000,1971067,44.64587744,,2007-08-08,2023-09-25
1990-0391-ITA,Yes,nat-cli-wil-for,Natural,Climatological,Wildfire,Forest fire,,,ITA,Italy,Southern Europe,Europe,,,,No,No,No,,,Km2,,,,1990,4,,1990,7,,,,,,,,,,,705000,1579093,44.64587744,,2003-07-01,2023-09-25
1990-0547-ITA,Yes,tec-tra-roa-roa,Technological,Transport,Road,Road,,,ITA,Italy,Southern Europe,Europe,Ovada,,,No,No,No,,,,,,,1990,10,3,1990,10,3,25,,,,,,,,,,,44.64587744,,2003-07-01,2023-09-25
1990-0723-ITA,Yes,nat-met-sto-sto,Natural,Meteorological,Storm,Storm (General),,Wiebke,ITA,Italy,Southern Europe,Europe,,,,No,No,No,,,Kph,,,,1990,2,28,1990,3,1,6,,,,,,,,,20000,44797,44.64587744,,2007-05-09,2023-09-25
1991-0102-ITA,Yes,tec-tra-wat-wat,Technological,Transport,Water,Water,,"Ferry ""Moby Prince"" of Navarma and Oil Tanker ""AGAP Abruzzo""",ITA,Italy,Southern Europe,Europe,Ligurienne sea (Livorna),,,No,No,No,,,,,,,1991,4,11,1991,4,11,140,,,,,,,,,,,46.53662061,,2011-11-18,2023-09-25
1991-0759-ITA,Yes,nat-geo-vol-ash,Natural,Geophysical,Volcanic activity,Ash fall,,Mt. Etna,ITA,Italy,Southern Europe,Europe,Zafferana,,,No,No,No,,,,37.734,15.004,,1991,12,15,1991,12,15,,,7000,,7000,,,,,,,46.53662061,,2005-06-03,2023-09-25
1992-0005-ITA,Yes,tec-tra-roa-roa,Technological,Transport,Road,Road,,,ITA,Italy,Southern Europe,Europe,North,,,No,No,No,,,,,,,1992,1,3,1992,1,3,7,100,,,100,,,,,,,47.94612964,,2003-07-01,2023-09-25
1992-0266-ITA,Yes,nat-hyd-flo-riv,Natural,Hydrological,Flood,Riverine flood,,,ITA,Italy,Southern Europe,Europe,Genoa,Heavy rain,,No,No,No,,,Km2,,,,1992,9,28,1992,9,28,2,,,,,,,,,10000,20857,47.94612964,,2005-11-25,2023-09-25
1992-0376-ITA,Yes,nat-hyd-flo-riv,Natural,Hydrological,Flood,Riverine flood,,,ITA,Italy,Southern Europe,Europe,Toscane,Heavy rain,,No,No,No,,,Km2,,,,1992,10,31,1992,10,31,,,1000,,1000,,,,,687300,1433484,47.94612964,,2005-11-25,2023-09-25
1992-0378-ITA,Yes,tec-tra-rai-rai,Technological,Transport,Rail,Rail,,,ITA,Italy,Southern Europe,Europe,,,,No,No,No,,,,,,,1992,1,27,1992,1,27,5,100,,,100,,,,,,,47.94612964,,2003-07-01,2023-09-25
1993-0212-ITA,Yes,nat-met-sto-sto,Natural,Meteorological,Storm,Storm (General),,,ITA,Italy,Southern Europe,Europe,Lombardi region,,Flood,No,No,No,,,Kph,,,,1993,9,22,1993,9,25,8,,1000,,1000,,,,,625000,1266173,49.36133216,,2007-05-05,2023-09-25
1993-0402-ITA,Yes,tec-tra-roa-roa,Technological,Transport,Road,Road,,,ITA,Italy,Southern Europe,Europe,Between Turin - Milan,,,No,No,No,,,,,,,1993,2,9,1993,2,9,8,120,,,120,,,,,,,49.36133216,,2003-07-01,2023-09-25
1993-0566-ITA,Yes,tec-tra-roa-roa,Technological,Transport,Road,Road,,,ITA,Italy,Southern Europe,Europe,Haut-Adige,,,No,No,No,,,,,,,1993,7,6,1993,7,6,18,,,,,,,,,,,49.36133216,,2003-12-22,2023-09-25
1994-0179-ITA,Yes,nat-met-sto-tor,Natural,Meteorological,Storm,Tornado,,,ITA,Italy,Southern Europe,Europe,"Genoa, Parma",,,No,No,No,,,Kph,,,,1994,8,24,1994,8,24,3,100,,,100,,,,,,,50.64840266,,2003-07-01,2023-09-25
1994-0197-ITA,Yes,nat-cli-wil-for,Natural,Climatological,Wildfire,Forest fire,,,ITA,Italy,Southern Europe,Europe,Sicily,,,No,No,No,,,Km2,,,,1994,8,18,1994,8,18,1,,300,,300,,,,,,,50.64840266,,2003-07-01,2023-09-25
1994-0355-ITA,Yes,tec-mis-exp-exp,Technological,Miscellaneous accident,Explosion (Miscellaneous),Explosion (Miscellaneous),,,ITA,Italy,Southern Europe,Europe,Motta Visconti (Milan Region),,,No,No,No,,,,,,,1994,7,14,1994,7,14,27,7,,,7,,,,,,,50.64840266,,2003-07-01,2023-09-25
1994-0557-ITA,Yes,nat-hyd-flo-riv,Natural,Hydrological,Flood,Riverine flood,,,ITA,Italy,Southern Europe,Europe,"Piemont, Ligura, Cuneo, Tuscany, Piacenza",Heavy rain,,No,No,No,,90170,Km2,,,Po,1994,11,1,1994,11,10,68,,7000,10300,17300,,,,,9300000,18361882,50.64840266,,2006-07-12,2023-09-25
1995-0399-ITA,Yes,tec-tra-air-air,Technological,Transport,Air,Air,,Antonov 24b,ITA,Italy,Southern Europe,Europe,Verone,,,No,No,No,,,,,,,1995,12,13,1995,12,13,49,,,,,,,,,,,52.06929869,,2003-07-01,2023-09-25
1996-0148-ITA,Yes,nat-hyd-flo-fla,Natural,Hydrological,Flood,Flash flood,,,ITA,Italy,Southern Europe,Europe,"Tuscany, Lucca, Massa, Carrara, Udine, Florence, Veneto,Emiglia Romagni, Lombardia",Heavy rain,"Slide (land, mud, snow, rock)",No,No,No,,66760,Km2,,,"Tagliamento, Seveso, Lambro",1996,6,19,1996,6,21,17,,300,,300,,,13000,24256,32000,59706,53.59556085,,2007-05-06,2023-09-25
1996-0177-ITA,Yes,nat-hyd-mmw-lan,Natural,Hydrological,Mass movement (wet),Landslide (wet),,,ITA,Italy,Southern Europe,Europe,Cortina D'ampezzo,,,No,No,No,,,,,,,1996,8,8,1996,8,8,,,100,,100,,,,,,,53.59556085,,2003-07-01,2023-09-25
1996-0235-ITA,Yes,nat-hyd-flo-flo,Natural,Hydrological,Flood,Flood (General),,,ITA,Italy,Southern Europe,Europe,Cuneo Town,,,No,No,No,,,Km2,,,,1996,10,9,1996,10,9,,,200,,200,,,,,,,53.59556085,,2003-07-01,2023-09-25
1996-0421-ITA,Yes,tec-tra-roa-roa,Technological,Transport,Road,Road,,,ITA,Italy,Southern Europe,Europe,Serenissima Highway,,,No,No,No,,,,,,,1996,2,12,1996,2,12,11,100,,,100,,,,,,,53.59556085,,2003-07-01,2023-09-25
1997-0228-ITA,Yes,nat-geo-ear-gro,Natural,Geophysical,Earthquake,Ground movement,,,ITA,Italy,Southern Europe,Europe,"Umbria, Marche regions",,,No,No,No,,5.5,Richter,43,13,,1997,9,26,1997,10,3,14,100,,38000,38100,,,4100,7475,4524900,8249822,54.84845417,,2009-04-17,2023-09-25
1997-0256-ITA,Yes,tec-mis-fir-fir,Technological,Miscellaneous accident,Fire (Miscellaneous),Fire (Miscellaneous),,Private hospital,ITA,Italy,Southern Europe,Europe,Milan,,,No,No,No,,,,,,,1997,10,31,1997,10,31,11,,,,,,,,,,,54.84845417,,2003-07-01,2023-09-25
1997-0278-ITA,Yes,nat-met-sto-sto,Natural,Meteorological,Storm,Storm (General),,,ITA,Italy,Southern Europe,Europe,Central and Southern Region,,,No,No,No,,,Kph,,,,1997,11,23,1997,11,23,22,,,,,,,,,,,54.84845417,,2003-07-01,2023-09-25
1997-0383-ITA,Yes,tec-tra-wat-wat,Technological,Transport,Water,Water,,Migrants,ITA,Italy,Southern Europe,Europe,Adriatic Sea,,,No,No,No,,,,,,,1997,3,28,1997,3,28,80,,,,,,,,,,,54.84845417,,2003-07-01,2023-09-25
1997-0476-ITA,Yes,tec-ind-poi-poi,Technological,Industrial accident,Poisoning,Poisoning,,Food,ITA,Italy,Southern Europe,Europe,Turin,,,No,No,No,,,m3,,,,1997,5,23,1997,5,23,,700,,,700,,,,,,,54.84845417,,2003-07-01,2023-09-25
1997-9105-ITA,Yes,nat-cli-dro-dro,Natural,Climatological,Drought,Drought,,,ITA,Italy,Southern Europe,Europe,,,,No,No,No,,,Km2,,,,1997,4,,1997,,,,,,,,,,,,800000,1458564,54.84845417,,2007-05-06,2023-09-25
1998-0078-ITA,Yes,nat-geo-ear-gro,Natural,Geophysical,Earthquake,Ground movement,,,ITA,Italy,Southern Europe,Europe,Gualdo Tadino-Nocera Umbra area (Central),,,No,No,No,,5.2,Richter,43.164,12.701,,1998,4,3,1998,4,3,,5,900,,905,,,,,,,55.69986281,,2004-03-25,2023-09-25
1998-0119-ITA,Yes,nat-hyd-mmw-lan,Natural,Hydrological,Mass movement (wet),Landslide (wet),,,ITA,Italy,Southern Europe,Europe,Campania Region,Heavy rain,"Slide (land, mud, snow, rock)",No,No,No,,,,,,,1998,5,1,1998,5,7,160,,3463,219,3682,,,,,28700,51526,55.69986281,,2006-02-09,2023-09-25
1998-0204-ITA,Yes,nat-met-ext-hea,Natural,Meteorological,Extreme temperature,Heat wave,,,ITA,Italy,Southern Europe,Europe,Calabria,,,No,No,No,,46,°C,,,,1998,7,4,1998,7,4,10,,,,,,,,,,,55.69986281,,2003-07-01,2023-09-25
1998-0414-ITA,Yes,tec-mis-col-col,Technological,Miscellaneous accident,Collapse (Miscellaneous),Collapse (Miscellaneous),,Apartment,ITA,Italy,Southern Europe,Europe,Rome,,,No,No,No,,,,,,,1998,12,16,1998,12,16,27,40,,,40,,,,,,,55.69986281,,2003-07-01,2023-09-25
1998-0493-ITA,Yes,tec-mis-mis-mis,Technological,Miscellaneous accident,Miscellaneous accident (General),Miscellaneous accident (General),,Telephérique,ITA,Italy,Southern Europe,Europe,"Cavalese, Trentin",,,No,No,No,,,,,,,1998,2,3,1998,2,3,20,,,,,,,,,,,55.69986281,,2003-07-01,2023-09-25
1998-0497-ITA,Yes,tec-tra-roa-roa,Technological,Transport,Road,Road,,,ITA,Italy,Southern Europe,Europe,Frosinone,,,No,No,No,,,,,,,1998,2,16,1998,2,16,4,120,,,120,,,,,,,55.69986281,,2003-07-01,2023-09-25
1999-0052-ITA,Yes,nat-hyd-mmw-ava,Natural,Hydrological,Mass movement (wet),Avalanche (wet),,,ITA,Italy,Southern Europe,Europe,,,,No,No,No,,,,,,,1999,1,9,1999,2,28,1,,,,,,,,,5510,9680,56.91858704,,2007-05-07,2023-09-25
1999-0444-ITA,Yes,tec-mis-col-col,Technological,Miscellaneous accident,Collapse (Miscellaneous),Collapse (Miscellaneous),,Immeuble,ITA,Italy,Southern Europe,Europe,Foggia,,,No,No,No,,,,,,,1999,11,11,1999,11,11,62,10,,,10,,,,,,,56.91858704,,2003-07-01,2023-09-25
1999-0640-ITA,Yes,nat-cli-wil-for,Natural,Climatological,Wildfire,Forest fire,,,ITA,Italy,Southern Europe,Europe,"Sardaigne, Calabre, Ligurie",,,No,No,No,,324,Km2,,,,1999,7,,1999,7,,,,,,,,,,,,,56.91858704,,2003-07-01,2023-09-25
2000-0070-ITA,No,tec-tra-wat-wat,Technological,Transport,Water,Water,,"Espresso Catania, Zafir",ITA,Italy,Southern Europe,Europe,Catanzaro,,,No,No,No,,,,,,,2000,2,14,2000,2,14,13,,,,,,,,,,,58.84064849,,2003-07-16,2023-09-25
2000-0577-ITA,No,nat-hyd-flo-riv,Natural,Hydrological,Flood,Riverine flood,,,ITA,Italy,Southern Europe,Europe,"Soverato town (Catanzaro district, Calabria province)",,,No,No,No,,,Km2,,,,2000,9,10,2000,9,10,16,22,,,22,,,,,,,58.84064849,"[{""adm2_code"":18323,""adm2_name"":""Catanzaro""}]",2003-07-01,2023-09-25
2000-0632-ITA,No,nat-hyd-flo-flo,Natural,Hydrological,Flood,Flood (General),,,ITA,Italy,Southern Europe,Europe,"Lodrone city (Trento district, Trentino-alto Adige province), Veneto province",,,No,No,No,,,Km2,,,,2000,9,20,2000,9,20,,,1000,,1000,,,,,,,58.84064849,"[{""adm1_code"":1635,""adm1_name"":""Veneto""},{""adm2_code"":18410,""adm2_name"":""Trento""}]",2003-07-01,2023-09-25
2000-0671-ITA,No,nat-hyd-flo-fla,Natural,Hydrological,Flood,Flash flood,,,ITA,Italy,Southern Europe,Europe,"San Rocco al Porto, Salerano towns (Lodi district, Lombardia province) Torino, Chivasso, Ivrea, Banchette, Orco, Soana, Noasca, Ronco Canavese towns (Torino district, Piemonte province), Pavia town (Pavia district, Lombardia province), Cremona town (Cremona district, Lombardia province), Parma town (Parma district, Emilia-romagna province), Piacenza town (Piacenza district, Emilia-romagna province), Aosta, Dora di Aoste, Pollein town (Aosta district, Valle D'aosta province), San Benedetto Po, Borgoforte townd (Mantova district, Lombardia province), Casale Popolo town (Alessandria district, Piemonte province), Fiorano town (Modena district, Emilia-romagna province), Monterosso town (La Spezia district, Liguria province), Genova town (Genova district, Liguria province), Verbania district (Piemonte province)",Brief torrential rain,,No,No,No,,,Km2,,,Po and Ticino,2000,10,14,2000,10,22,25,,43000,,43000,,,300000,509852,8000000,13596043,58.84064849,"[{""adm2_code"":18337,""adm2_name"":""Modena""},{""adm2_code"":18338,""adm2_name"":""Parma""},{""adm2_code"":18339,""adm2_name"":""Piacenza""},{""adm2_code"":18352,""adm2_name"":""Genova""},{""adm2_code"":18354,""adm2_name"":""La Spezia""},{""adm2_code"":18359,""adm2_name"":""Cremona""},{""adm2_code"":18361,""adm2_name"":""Lodi""},{""adm2_code"":18362,""adm2_name"":""Mantova""},{""adm2_code"":18364,""adm2_name"":""Pavia""},{""adm2_code"":18366,""adm2_name"":""Varese""},{""adm2_code"":18373,""adm2_name"":""Alessandria""},{""adm2_code"":18377,""adm2_name"":""Novara""},{""adm2_code"":18378,""adm2_name"":""Torino""},{""adm2_code"":18379,""adm2_name"":""Verbania""},{""adm2_code"":18413,""adm2_name"":""Aosta""}]",2005-09-15,2023-09-25
2000-0752-ITA,No,nat-hyd-flo-flo,Natural,Hydrological,Flood,Flood (General),,,ITA,Italy,Southern Europe,Europe,"Lombardoa province, Friuli-venezia province, Venezia district (Veneto province), Rovere della Luna town (Trento district, Trentino-alto Adige province), Vinchiana town (Lucca district, Toscana province)",,,No,No,No,,,Km2,,,,2000,11,20,2000,11,20,5,,2000,,2000,,,,,50000,84975,58.84064849,"[{""adm1_code"":1621,""adm1_name"":""Friuli-venezia Giulia""},{""adm1_code"":1624,""adm1_name"":""Lombardia""},{""adm2_code"":18403,""adm2_name"":""Lucca""},{""adm2_code"":18410,""adm2_name"":""Trento""},{""adm2_code"":18418,""adm2_name"":""Venezia""}]",2003-07-01,2023-09-25
2001-0016-ITA,No,nat-hyd-flo-riv,Natural,Hydrological,Flood,Riverine flood,,,ITA,Italy,Southern Europe,Europe,Venezia district (Veneto province),,,No,No,No,,,Km2,,,,2001,1,,2001,1,,,,,,,,,,,,,60.50357889,"[{""adm2_code"":18418,""adm2_name"":""Venezia""}]",2003-07-01,2023-09-25
2001-0378-ITA,No,nat-geo-vol-ash,Natural,Geophysical,Volcanic activity,Ash fall,,Mt. Etna,ITA,Italy,Southern Europe,Europe,"Nicolosi municipality (Catania Province, Sicilia Region)",,,No,No,No,,,,37.734,15.004,,2001,7,18,2001,7,18,,,,,,,,,,3100,5124,60.50357889,"[{""adm2_code"":18392,""adm2_name"":""Catania""}]",2005-06-01,2023-09-25
2001-0386-ITA,No,nat-met-sto-lig,Natural,Meteorological,Storm,Lightning/Thunderstorms,,Willy,ITA,Italy,Southern Europe,Europe,"Abruzzi, Basilicata, Calabria, Campania, Emilia-romagna, Friuli-venezia Giulia, Lazio, Liguria, Lombardia, Marche, Molise, Piemonte, Puglia, Sardegna, Sicilia, Toscana, Trentino-alto Adige, Umbria, Valle D'aosta, Veneto provinces",,,No,No,No,,,Kph,,,,2001,7,6,2001,7,8,,,,,,,,30000,49584,175000,289239,60.50357889,"[{""adm1_code"":1616,""adm1_name"":""Abruzzi""},{""adm1_code"":1617,""adm1_name"":""Basilicata""},{""adm1_code"":1618,""adm1_name"":""Calabria""},{""adm1_code"":1619,""adm1_name"":""Campania""},{""adm1_code"":1620,""adm1_name"":""Emilia-romagna""},{""adm1_code"":1621,""adm1_name"":""Friuli-venezia Giulia""},{""adm1_code"":1622,""adm1_name"":""Lazio""},{""adm1_code"":1623,""adm1_name"":""Liguria""},{""adm1_code"":1624,""adm1_name"":""Lombardia""},{""adm1_code"":1625,""adm1_name"":""Marche""},{""adm1_code"":1626,""adm1_name"":""Molise""},{""adm1_code"":1627,""adm1_name"":""Piemonte""},{""adm1_code"":1628,""adm1_name"":""Puglia""},{""adm1_code"":1629,""adm1_name"":""Sardegna""},{""adm1_code"":1630,""adm1_name"":""Sicilia""},{""adm1_code"":1631,""adm1_name"":""Toscana""},{""adm1_code"":1632,""adm1_name"":""Trentino-alto Adige""},{""adm1_code"":1633,""adm1_name"":""Umbria""},{""adm1_code"":1634,""adm1_name"":""Valle D'aosta""},{""adm1_code"":1635,""adm1_name"":""Veneto""}]",2007-04-18,2023-09-25
2001-0536-ITA,No,nat-hyd-flo-fla,Natural,Hydrological,Flood,Flash flood,,,ITA,Italy,Southern Europe,Europe,Napoli district (Campania province),Brief torrential rain,,No,No,No,,69,Km2,,,,2001,9,14,2001,9,15,2,,,,,,,,,100000,165279,60.50357889,"[{""adm2_code"":18332,""adm2_name"":""Napoli""}]",2005-09-21,2023-09-25
2001-0548-ITA,No,tec-tra-air-air,Technological,Transport,Air,Air,,MD-87 and Cessna,ITA,Italy,Southern Europe,Europe,Milano,,,No,No,No,,,,,,,2001,10,8,2001,10,8,118,,,,,,,,,,,60.50357889,,2003-07-01,2023-09-25
2001-0675-ITA,No,tec-mis-fir-fir,Technological,Miscellaneous accident,Fire (Miscellaneous),Fire (Miscellaneous),,Nursing home for handicapped people,ITA,Italy,Southern Europe,Europe,Buccino (Campania),,,No,No,No,,,,,,,2001,12,16,2001,12,16,19,7,,,7,,,,,,,60.50357889,,2003-07-01,2023-09-25
2002-0141-ITA,No,tec-tra-wat-wat,Technological,Transport,Water,Water,,Migrants,ITA,Italy,Southern Europe,Europe,Sicilia,,,No,No,No,,,,,,,2002,3,8,2002,3,8,50,,,,,,,,,,,61.46318826,,2005-05-10,2023-09-25
2002-0343-ITA,No,nat-hyd-flo-fla,Natural,Hydrological,Flood,Flash flood,,,ITA,Italy,Southern Europe,Europe,"Frioul-venezia Giulia province, Valle d'aosta province, Villanova town (Biella district, Piemonte province), Venezia town (Venezia district, Veneto province)",Brief torrential rain,"Slide (land, mud, snow, rock)",No,No,No,,,Km2,,,Cervo,2002,6,6,2002,6,9,,,,,,,,,,,,61.46318826,"[{""adm1_code"":1621,""adm1_name"":""Friuli-venezia Giulia""},{""adm1_code"":1634,""adm1_name"":""Valle D'aosta""},{""adm2_code"":18375,""adm2_name"":""Biella""},{""adm2_code"":18418,""adm2_name"":""Venezia""}]",2005-09-23,2023-09-25
2002-0357-ITA,No,nat-bio-epi-vir,Natural,Biological,Epidemic,Viral disease,,,ITA,Italy,Southern Europe,Europe,Campania,,,No,No,No,,,Vaccinated,,,,2002,6,,2002,6,,3,,9997,,9997,,,,,,,61.46318826,,2003-07-01,2023-09-25
2002-0472-ITA,No,nat-hyd-flo-flo,Natural,Hydrological,Flood,Flood (General),,,ITA,Italy,Southern Europe,Europe,"Brescia district (Lombardia province), Venezia district (Veneto province)",,,No,No,No,,,Km2,,,,2002,8,4,2002,8,14,,20,,,20,,,10000,16270,296000,481589,61.46318826,"[{""adm2_code"":18357,""adm2_name"":""Brescia""},{""adm2_code"":18418,""adm2_name"":""Venezia""}]",2008-03-21,2023-09-25
2002-0586-ITA,No,tec-tra-wat-wat,Technological,Transport,Water,Water,,Migrants,ITA,Italy,Southern Europe,Europe,"Au large de Porto Empedocle, near Arigente (South Sicilia)",,,No,No,No,,,,,,,2002,9,14,2002,9,14,34,,92,,92,,,,,,,61.46318826,,2003-07-01,2023-09-25
2002-0680-ITA,No,nat-geo-ear-gro,Natural,Geophysical,Earthquake,Ground movement,USGS:usp000bfkj,,ITA,Italy,Southern Europe,Europe,"Zafferana Etnea, Giarre, Santa Venerina towns (Catania Province, Sicilia Region)",,,No,No,No,,4.3,Richter,37.67,15.267,,2002,10,29,2002,10,29,,9,,1000,1009,,,,,,,61.46318826,"[{""adm2_code"":18392,""adm2_name"":""Catania""}]",2003-09-02,2023-09-25
2002-0690-ITA,No,nat-geo-ear-gro,Natural,Geophysical,Earthquake,Ground movement,USGS:usp000bfqg,,ITA,Italy,Southern Europe,Europe,"San Guliano di Puglia town (Campobasso province, Molise region)",,"Slide (land, mud, snow, rock)",No,No,No,,5.9,Richter,41.789,14.872,,2002,10,31,2002,10,31,30,33,,8500,8533,,,,,796000,1295084,61.46318826,"[{""adm2_code"":18371,""adm2_name"":""Campobasso""}]",2003-09-02,2023-09-25
2002-0740-ITA,No,nat-hyd-flo-riv,Natural,Hydrological,Flood,Riverine flood,,,ITA,Italy,Southern Europe,Europe,"Trentino-alto Adige province, Genova district (Liguria province), Milano, Mantova, Como, Varese districts (Lombardia province), Torino, Biella, Verbania districts (Piemonte province), Venezia district (Veneto province), Trieste, Pordedone districts (Friuli-venezia Giulia province), Bologna district (Emilia-romagna province).",Heavy rain,"Slide (land, mud, snow, rock)",No,No,No,,29900,Km2,,,"Noncello. Po, Lambo",2002,11,22,2002,12,3,2,,10000,,10000,,,20000,32540,350000,569447,61.46318826,"[{""adm1_code"":1632,""adm1_name"":""Trentino-alto Adige""},{""adm2_code"":18334,""adm2_name"":""Bologna""},{""adm2_code"":18344,""adm2_name"":""Pordenone""},{""adm2_code"":18345,""adm2_name"":""Trieste""},{""adm2_code"":18352,""adm2_name"":""Genova""},{""adm2_code"":18358,""adm2_name"":""Como""},{""adm2_code"":18362,""adm2_name"":""Mantova""},{""adm2_code"":18363,""adm2_name"":""Milano""},{""adm2_code"":18366,""adm2_name"":""Varese""},{""adm2_code"":18375,""adm2_name"":""Biella""},{""adm2_code"":18378,""adm2_name"":""Torino""},{""adm2_code"":18379,""adm2_name"":""Verbania""},{""adm2_code"":18418,""adm2_name"":""Venezia""}]",2008-03-22,2023-09-25
2002-0858-ITA,No,nat-bio-epi-vir,Natural,Biological,Epidemic,Viral disease,,Acute respiratory syndrome (SARS),ITA,Italy,Southern Europe,Europe,,,,No,No,No,,,Vaccinated,,,,2003,3,12,2003,4,20,,,4,,4,,,,,,,62.8584595,,2003-10-13,2023-09-25
2002-0882-ITA,No,nat-geo-ear-gro,Natural,Geophysical,Earthquake,Ground movement,USGS:usp000bbb2,,ITA,Italy,Southern Europe,Europe,Palermo Province (Sicilia Region),,,No,No,No,,6,Richter,38.381,13.701,,2002,9,6,2002,9,6,2,,,,,,,,,500000,813495,61.46318826,"[{""adm2_code"":18395,""adm2_name"":""Palermo""}]",2008-05-08,2023-09-25
2002-9298-ITA,No,nat-cli-dro-dro,Natural,Climatological,Drought,Drought,,,ITA,Italy,Southern Europe,Europe,"Sicilia, Basilicata, Puglia, Sardegna provinces",Lack of rain,,No,No,Yes,,,Km2,,,,2002,5,,2002,,,,,,,,,,,,,,61.46318826,"[{""adm1_code"":1617,""adm1_name"":""Basilicata""},{""adm1_code"":1628,""adm1_name"":""Puglia""},{""adm1_code"":1629,""adm1_name"":""Sardegna""},{""adm1_code"":1630,""adm1_name"":""Sicilia""}]",2006-02-22,2023-09-25
2003-0043-ITA,No,nat-hyd-flo-riv,Natural,Hydrological,Flood,Riverine flood,,,ITA,Italy,Southern Europe,Europe,"Pescara, Chieti districts (Abruzzi province), Foggia district (Puglia province), Potenza district (Basilicata province), Agnone, Bagnoli del Trigno towns (Isernia district, Molisse province), Termoli, Lupara, Petacciato, Fossalto, Mafalda, San Giacomo degli Schiavoni,Santa Croce di Magliano, Tavenna, Toro et Trivento (Campobasso district, Molisse province)",Hevay rain,"Slide (land, mud, snow, rock)",No,No,No,,28760,Km2,,,,2003,1,25,2003,1,27,1,,1000,,1000,,,100000,159088,150000,238631,62.8584595,"[{""adm2_code"":18317,""adm2_name"":""Chieti""},{""adm2_code"":18319,""adm2_name"":""Pescara""},{""adm2_code"":18322,""adm2_name"":""Potenza""},{""adm2_code"":18371,""adm2_name"":""Campobasso""},{""adm2_code"":18372,""adm2_name"":""Isernia""},{""adm2_code"":18383,""adm2_name"":""Foggia""}]",2004-03-09,2023-09-25
2003-0131-ITA,No,tec-tra-roa-roa,Technological,Transport,Road,Road,,,ITA,Italy,Southern Europe,Europe,North - Between Cessalto and Noventa di Piave,,,No,No,No,,,,,,,2003,3,13,2003,3,13,13,80,,,80,,,,,,,62.8584595,,2003-08-13,2023-09-25
2003-0184-ITA,No,nat-geo-ear-gro,Natural,Geophysical,Earthquake,Ground movement,USGS:usp000buxn,,ITA,Italy,Southern Europe,Europe,Alessandria Province (Piemonte Region),,"Slide (land, mud, snow, rock)",No,No,No,,5,Richter,44.792,8.892,,2003,4,11,2003,4,11,,2,230,,232,,,,,561352,893041,62.8584595,"[{""adm2_code"":18373,""adm2_name"":""Alessandria""}]",2004-01-14,2023-09-25
2003-0298-ITA,No,tec-tra-wat-wat,Technological,Transport,Water,Water,,Migrants,ITA,Italy,Southern Europe,Europe,South Lampedusa Island,,,No,No,No,,,,,,,2003,6,10,2003,6,10,67,,,,,,,,,,,62.8584595,,2003-06-26,2023-09-25
2003-0391-ITA,No,nat-met-ext-hea,Natural,Meteorological,Extreme temperature,Heat wave,,,ITA,Italy,Southern Europe,Europe,"Milano, Varese districts (Lombardia province), Torino district (Piemonte province), Firenze district (Toscana province), Lecce district (Puglia province), Genova district (Liguria province)",,Drought,No,No,No,,,°C,,,,2003,7,16,2003,8,15,20089,,,,,,,,,4400000,6999853,62.8584595,"[{""adm2_code"":18352,""adm2_name"":""Genova""},{""adm2_code"":18363,""adm2_name"":""Milano""},{""adm2_code"":18366,""adm2_name"":""Varese""},{""adm2_code"":18378,""adm2_name"":""Torino""},{""adm2_code"":18384,""adm2_name"":""Lecce""},{""adm2_code"":18400,""adm2_name"":""Firenze""}]",2007-04-16,2023-09-25
2003-0433-ITA,No,nat-hyd-flo-riv,Natural,Hydrological,Flood,Riverine flood,,,ITA,Italy,Southern Europe,Europe,"Ugovizza village (Udine district, Friuli-venezia Giulia)",Torrential rains,"Flood|Slide (land, mud, snow, rock)",No,No,Yes,,1100,Km2,,,,2003,8,29,2003,8,31,2,,350,,350,,,,,655000,1042024,62.8584595,"[{""adm2_code"":18346,""adm2_name"":""Udine""}]",2005-12-15,2023-09-25
2004-0014-ITA,No,tec-tra-wat-wat,Technological,Transport,Water,Water,,Migrants,ITA,Italy,Southern Europe,Europe,Adriatic sea,,,No,No,No,,,,,,,2004,1,10,2004,1,10,26,7,,,7,,,,,,,64.54132928,,2004-01-13,2023-09-25
2004-0568-ITA,No,nat-met-sto-sev,Natural,Meteorological,Storm,Severe weather,,,ITA,Italy,Southern Europe,Europe,"Lampedusa Island (Agrigento district, Sicilia province), Toscana, Umbria, Molise provinces",Heavy rains,"Flood|Slide (land, mud, snow, rock)",No,No,No,,,Kph,,,,2004,11,13,2004,11,14,2,,200,,200,,,,,,,64.54132928,"[{""adm1_code"":1626,""adm1_name"":""Molise""},{""adm1_code"":1631,""adm1_name"":""Toscana""},{""adm1_code"":1633,""adm1_name"":""Umbria""},{""adm2_code"":18390,""adm2_name"":""Agrigento""}]",2004-11-15,2023-09-25
2005-0008-ITA,No,tec-tra-rai-rai,Technological,Transport,Rail,Rail,,,ITA,Italy,Southern Europe,Europe,Crevalcore area (Near Bologne),,,No,No,No,,,,,,,2005,1,7,2005,1,7,14,80,,,80,,,,,,,66.73105799,,2005-03-28,2023-09-25
2005-0421-ITA,No,tec-tra-air-air,Technological,Transport,Air,Air,,ATR-72,ITA,Italy,Southern Europe,Europe,Palerme,,,No,No,No,,,,,,,2005,8,6,2005,8,6,16,,23,,23,,,,,,,66.73105799,,2005-08-08,2023-09-25
2005-0653-ITA,No,tec-tra-wat-wat,Technological,Transport,Water,Water,,Migrants,ITA,Italy,Southern Europe,Europe,Sicilia,,,No,No,No,,,,,,,2005,11,18,2005,11,18,22,,,,,,,,,,,66.73105799,,2005-11-28,2023-09-25
2005-0713-ITA,No,nat-met-ext-sev,Natural,Meteorological,Extreme temperature,Severe winter conditions,,,ITA,Italy,Southern Europe,Europe,"Emilia-romagna, Friuli-venezia Giulia, Liguria, Lombardia, Piemonte, Sicilia, Toscana, Trentino-alto Adige, Valle D'aosta, Veneto provinces",,Snow/ice,No,No,No,,-21,°C,,,,2005,12,27,2006,1,,9,,,,,,,,,,,66.73105799,"[{""adm1_code"":1620,""adm1_name"":""Emilia-romagna""},{""adm1_code"":1621,""adm1_name"":""Friuli-venezia Giulia""},{""adm1_code"":1623,""adm1_name"":""Liguria""},{""adm1_code"":1624,""adm1_name"":""Lombardia""},{""adm1_code"":1627,""adm1_name"":""Piemonte""},{""adm1_code"":1630,""adm1_name"":""Sicilia""},{""adm1_code"":1631,""adm1_name"":""Toscana""},{""adm1_code"":1632,""adm1_name"":""Trentino-alto Adige""},{""adm1_code"":1634,""adm1_name"":""Valle D'aosta""},{""adm1_code"":1635,""adm1_name"":""Veneto""}]",2007-01-17,2023-09-25
2006-0079-ITA,No,tec-tra-roa-roa,Technological,Transport,Road,Road,,,ITA,Italy,Southern Europe,Europe,Rome,,,No,No,No,,,,,,,2006,2,6,2006,2,7,12,9,,,9,,,,,,,68.88375871,,2006-02-10,2023-09-25
2006-0124-ITA,No,nat-met-sto-sto,Natural,Meteorological,Storm,Storm (General),,,ITA,Italy,Southern Europe,Europe,Trentino-alto Adige province,,,No,No,No,,,Kph,,,,2006,3,,2006,3,,1,,,,,,,,,,,68.88375871,"[{""adm1_code"":1632,""adm1_name"":""Trentino-alto Adige""}]",2006-03-13,2023-09-25
2006-0219-ITA,No,nat-hyd-mmw-lan,Natural,Hydrological,Mass movement (wet),Landslide (wet),,,ITA,Italy,Southern Europe,Europe,"Ischia town (Napoli province, Campania region)",,,No,No,No,,,,,,,2006,4,30,2006,4,30,4,9,150,,159,,,,,,,68.88375871,"[{""adm2_code"":18332,""adm2_name"":""Napoli""}]",2006-05-02,2023-09-25
2006-0562-ITA,No,tec-tra-rai-rai,Technological,Transport,Rail,Rail,,,ITA,Italy,Southern Europe,Europe,Rome,,,No,No,No,,,,,,,2006,10,17,2006,10,17,1,100,,,100,,,,,,,68.88375871,,2006-10-19,2023-09-25
2007-0202-ITA,No,tec-tra-wat-wat,Technological,Transport,Water,Water,,Migrants,ITA,Italy,Southern Europe,Europe,Near Lampedusa,,,No,No,No,,,,,,,2007,6,17,2007,6,17,14,,,,,,,,,,,70.8487927,,2007-06-18,2023-09-25
2007-0235-ITA,No,nat-met-ext-hea,Natural,Meteorological,Extreme temperature,Heat wave,GLIDE:HT-2007-000106,,ITA,Italy,Southern Europe,Europe,"Calabria, Sicilia, Trentino-alto Adige provinces",,Wildfire,No,No,No,,45,°C,,,,2007,6,,2007,6,,6,,,,,,,,,,,70.8487927,"[{""adm1_code"":1618,""adm1_name"":""Calabria""},{""adm1_code"":1630,""adm1_name"":""Sicilia""},{""adm1_code"":1632,""adm1_name"":""Trentino-alto Adige""}]",2008-08-04,2023-09-25
2007-0294-ITA,No,nat-cli-wil-for,Natural,Climatological,Wildfire,Forest fire,,,ITA,Italy,Southern Europe,Europe,"Abruzzi, Sardegna, Sicilia, Calabria provinces, Napoli district (Campania province),",,,No,No,Yes,,,Km2,,,,2007,7,,2007,8,,11,,,,,,,,,,,70.8487927,"[{""adm1_code"":1616,""adm1_name"":""Abruzzi""},{""adm1_code"":1618,""adm1_name"":""Calabria""},{""adm1_code"":1629,""adm1_name"":""Sardegna""},{""adm1_code"":1630,""adm1_name"":""Sicilia""},{""adm2_code"":18332,""adm2_name"":""Napoli""}]",2008-01-10,2023-09-25
2007-0544-ITA,No,tec-tra-wat-wat,Technological,Transport,Water,Water,,Migrants,ITA,Italy,Southern Europe,Europe,Near Syracuse (Sicilia),,,No,No,No,,,,,,,2007,11,4,2007,11,4,17,,7,,7,,,,,,,70.8487927,,2007-11-07,2023-09-25
2008-0216-ITA,No,nat-hyd-flo-riv,Natural,Hydrological,Flood,Riverine flood,,,ITA,Italy,Southern Europe,Europe,"Savigliano, Demonte towns (Cuneo district, Piemonte province), Torino district (Piemonte province), Chambave towns (Aosta district, Valle d'aosta province)",,"Slide (land, mud, snow, rock)",No,No,Yes,,,Km2,,,,2008,5,29,2008,5,30,4,,,,,,,,,,,73.56874554,"[{""adm2_code"":18376,""adm2_name"":""Cuneo""},{""adm2_code"":18378,""adm2_name"":""Torino""},{""adm2_code"":18413,""adm2_name"":""Aosta""}]",2008-06-09,2023-09-25
2008-0420-ITA,No,nat-hyd-flo-flo,Natural,Hydrological,Flood,Flood (General),,,ITA,Italy,Southern Europe,Europe,"Milano, Como, Lecco, Sondrio districts (Lombardia province)",,"Slide (land, mud, snow, rock)",No,No,No,,,Km2,,,,2008,7,12,2008,7,12,2,,300,,300,,,,,,,73.56874554,"[{""adm2_code"":18358,""adm2_name"":""Como""},{""adm2_code"":18360,""adm2_name"":""Lecco""},{""adm2_code"":18363,""adm2_name"":""Milano""},{""adm2_code"":18365,""adm2_name"":""Sondrio""}]",2008-09-17,2023-09-25
2008-0579-ITA,No,nat-hyd-flo-riv,Natural,Hydrological,Flood,Riverine flood,,,ITA,Italy,Southern Europe,Europe,"Roma district (Lazio province), Venezia district (Veneto province)",Heavy rain,Rain,No,No,Yes,,5425,Km2,41.83,13.16,Tiber,2008,12,11,2008,12,15,3,,,,,,,,,278000,377878,73.56874554,"[{""adm2_code"":18350,""adm2_name"":""Roma""},{""adm2_code"":18418,""adm2_name"":""Venezia""}]",2009-03-18,2023-09-25
2009-0014-ITA,No,nat-met-sto-ext,Natural,Meteorological,Storm,Extra-tropical storm,,Klaus,ITA,Italy,Southern Europe,Europe,"Salerno district (Campania province), Cosenza district (Calabria province)",,"Slide (land, mud, snow, rock)",No,No,No,,,Kph,,,,2009,1,24,2009,1,25,3,,,,,,,,,,,73.30717672,"[{""adm2_code"":18324,""adm2_name"":""Cosenza""},{""adm2_code"":18333,""adm2_name"":""Salerno""}]",2009-03-09,2023-09-25
2009-0136-ITA,No,nat-geo-ear-gro,Natural,Geophysical,Earthquake,Ground movement,GLIDE:EQ-2009-000072|USGS:usp000gvtu,,ITA,Italy,Southern Europe,Europe,"Aquila, Villa Sant'Angelo, Borgo di Castelnuovo Onna, Poggio Picenze, Tormintarte, Totani, Poggio di Roio, Massa d'Albe, Tempera, Paganica, Fossa towns (L'Aquila Province, Abruzzo region)",,"Slide (land, mud, snow, rock)",Yes,No,Yes,,6.3,Richter,42.334,13.334,,2009,4,6,2009,4,6,295,1000,,55000,56000,,,260000,354672,2500000,3410307,73.30717672,"[{""adm2_code"":18318,""adm2_name"":""L'Aquila""}]",2010-08-16,2023-09-25
2009-0226-ITA,No,tec-tra-rai-rai,Technological,Transport,Rail,Rail,,,ITA,Italy,Southern Europe,Europe,Viareggio (Toscana),,,No,No,No,,,,,,,2009,6,29,2009,6,29,29,17,,100,117,,,,,,,73.30717672,,2010-03-19,2023-09-25
2009-0271-ITA,No,nat-cli-wil-for,Natural,Climatological,Wildfire,Forest fire,,,ITA,Italy,Southern Europe,Europe,"Sardegna, Sicilia provinces",,,No,No,No,,,Km2,,,,2009,7,20,2009,7,27,2,,,,,,,,,115000,156874,73.30717672,"[{""adm1_code"":1629,""adm1_name"":""Sardegna""},{""adm1_code"":1630,""adm1_name"":""Sicilia""}]",2010-03-07,2023-09-25
2009-0428-ITA,No,nat-hyd-flo-riv,Natural,Hydrological,Flood,Riverine flood,GLIDE:FL-2009-000216,,ITA,Italy,Southern Europe,Europe,"Giampilieri, Taormina, Scaletta Zanclea, Molino towns (Messina district, Sicilia town)",Heavy rains,"Slide (land, mud, snow, rock)",No,No,Yes,,1227,Km2,38.11,15.73,,2009,10,1,2009,10,6,35,140,,5000,5140,,,,,20000,27282,73.30717672,"[{""adm2_code"":18394,""adm2_name"":""Messina""}]",2010-07-02,2023-09-25
2009-0571-ITA,No,nat-met-ext-col,Natural,Meteorological,Extreme temperature,Cold wave,,,ITA,Italy,Southern Europe,Europe,"Veneto province, Milano district (Lombardia province), Friuli-venezia Giulia province",,,No,No,No,,-16,°C,,,,2009,12,21,2009,12,21,,,,,,,,,,,,73.30717672,"[{""adm1_code"":1621,""adm1_name"":""Friuli-venezia Giulia""},{""adm1_code"":1635,""adm1_name"":""Veneto""},{""adm2_code"":18363,""adm2_name"":""Milano""}]",2010-01-05,2023-09-25
2010-0148-ITA,No,tec-tra-rai-rai,Technological,Transport,Rail,Rail,,,ITA,Italy,Southern Europe,Europe,Merano region,,,No,No,No,,,,,,,2010,4,12,2010,4,12,11,20,,,20,,,,,,,74.50944408,,2010-04-12,2023-09-25
2010-0582-ITA,No,nat-hyd-flo-riv,Natural,Hydrological,Flood,Riverine flood,,,ITA,Italy,Southern Europe,Europe,"Salerno district (Campania provine), Venezia district (Veneto province)",Heavy rains,,No,No,No,,18725,Km2,45.13,11.14,Sele,2010,11,8,2010,11,11,,,300,,300,,,,,,,74.50944408,"[{""adm2_code"":18333,""adm2_name"":""Salerno""},{""adm2_code"":18418,""adm2_name"":""Venezia""}]",2010-11-12,2023-09-25
2010-0615-ITA,No,nat-met-ext-col,Natural,Meteorological,Extreme temperature,Cold wave,,,ITA,Italy,Southern Europe,Europe,"Lombardia, Piemonte, Emilia-romagna, Veneto, Roma district (Lazio province), Bolzano district (Trentino-alto Adige province)",,,No,No,No,,,°C,,,,2010,12,1,2010,12,1,,,,,,,,,,,,74.50944408,"[{""adm1_code"":1620,""adm1_name"":""Emilia-romagna""},{""adm1_code"":1624,""adm1_name"":""Lombardia""},{""adm1_code"":1627,""adm1_name"":""Piemonte""},{""adm1_code"":1635,""adm1_name"":""Veneto""},{""adm2_code"":18350,""adm2_name"":""Roma""},{""adm2_code"":18409,""adm2_name"":""Bolzano""}]",2010-12-02,2023-09-25
2010-0692-ITA,No,nat-met-sto-sto,Natural,Meteorological,Storm,Storm (General),,,ITA,Italy,Southern Europe,Europe,"Veneto, Toscana, Liguria, Valle D'aosta, Lombardia, Friuli-venezia Giulia, Sicilia provinces",,"Flood|Slide (land, mud, snow, rock)",No,No,No,,,Kph,,,,2010,10,31,2010,11,2,3,5,,,5,,,,,872000,1170321,74.50944408,"[{""adm1_code"":1621,""adm1_name"":""Friuli-venezia Giulia""},{""adm1_code"":1623,""adm1_name"":""Liguria""},{""adm1_code"":1624,""adm1_name"":""Lombardia""},{""adm1_code"":1630,""adm1_name"":""Sicilia""},{""adm1_code"":1631,""adm1_name"":""Toscana""},{""adm1_code"":1634,""adm1_name"":""Valle D'aosta""},{""adm1_code"":1635,""adm1_name"":""Veneto""}]",2011-03-17,2023-09-25
2011-0119-ITA,No,tec-tra-wat-wat,Technological,Transport,Water,Water,,Migrants,ITA,Italy,Southern Europe,Europe,Near Lampedusa,,,No,No,No,,,,,,,2011,3,15,2011,3,15,35,,,,,,,,,,,76.86159538,,2011-04-21,2023-09-25
2011-0128-ITA,No,tec-tra-wat-wat,Technological,Transport,Water,Water,,Migrants,ITA,Italy,Southern Europe,Europe,Near Lampedusa,,,No,No,No,,,,,,,2011,4,6,2011,4,6,150,,48,,48,,,,,,,76.86159538,,2011-05-03,2023-09-25
2011-0329-ITA,No,nat-met-ext-hea,Natural,Meteorological,Extreme temperature,Heat wave,,,ITA,Italy,Southern Europe,Europe,"Milano district (Lombardia province), Torino district (Piemonte province), Trieste district (Friuli-venezia Giulia province), Verona district (Veneto province), Messina district (Sicilia province), Roma district (Lazio province), Napoli district (Campania province)",,,No,No,No,,47,°C,,,,2011,8,17,2011,8,24,10,,,,,,,,,,,76.86159538,"[{""adm2_code"":18332,""adm2_name"":""Napoli""},{""adm2_code"":18345,""adm2_name"":""Trieste""},{""adm2_code"":18350,""adm2_name"":""Roma""},{""adm2_code"":18363,""adm2_name"":""Milano""},{""adm2_code"":18378,""adm2_name"":""Torino""},{""adm2_code"":18394,""adm2_name"":""Messina""},{""adm2_code"":18419,""adm2_name"":""Verona""}]",2011-08-25,2023-09-25
2011-0416-ITA,No,nat-hyd-flo-fla,Natural,Hydrological,Flood,Flash flood,,,ITA,Italy,Southern Europe,Europe,"Cinque Terre, Borghetto Vara towns (La Spezia district, Liguria province), Aulla, Mullazo towns (Massa-carrara district, Toscana province)",Torrenial rain,"Slide (land, mud, snow, rock)",No,No,Yes,,,Km2,44.422,9.33,,2011,10,26,2011,10,26,10,,,,,,,14000,18215,545000,709067,76.86159538,"[{""adm2_code"":18354,""adm2_name"":""La Spezia""},{""adm2_code"":18404,""adm2_name"":""Massa-carrara""}]",2011-11-22,2023-09-25
2011-0436-ITA,No,nat-hyd-flo-fla,Natural,Hydrological,Flood,Flash flood,,,ITA,Italy,Southern Europe,Europe,"Genova district (Liguria province), Matera district (Basilicate province), Napoli district (Campania province); Guspini town (Cagliari district, Sardegna province); Alessandria, Torino districts (Piemonte province)",Heavy rains,,No,No,No,,,Km2,,,,2011,11,4,2011,11,6,6,,,,,,,,,,,76.86159538,"[{""adm2_code"":18321,""adm2_name"":""Matera""},{""adm2_code"":18332,""adm2_name"":""Napoli""},{""adm2_code"":18352,""adm2_name"":""Genova""},{""adm2_code"":18373,""adm2_name"":""Alessandria""},{""adm2_code"":18378,""adm2_name"":""Torino""},{""adm2_code"":18386,""adm2_name"":""Cagliari""}]",2011-11-22,2023-09-25
2011-0495-ITA,No,nat-hyd-mmw-lan,Natural,Hydrological,Mass movement (wet),Landslide (wet),,,ITA,Italy,Southern Europe,Europe,"Saponara town (Messina Province, Sicilia Region)",Heavy rains,,No,No,No,,,,,,,2011,11,22,2011,11,22,3,1,,,1,,,,,,,76.86159538,"[{""adm2_code"":18394,""adm2_name"":""Messina""}]",2011-12-08,2023-09-25
2011-0656-ITA,No,tec-tra-wat-wat,Technological,Transport,Water,Water,,Migrants,ITA,Italy,Southern Europe,Europe,Lampedusa,,,No,No,No,,,,,,,2011,8,1,2011,8,1,25,,,,,,,,,,,76.86159538,,2012-04-12,2023-09-25
2011-0657-ITA,No,tec-tra-wat-wat,Technological,Transport,Water,Water,,Migrants,ITA,Italy,Southern Europe,Europe,Brindisi,,,No,No,No,,,,,,,2011,11,26,2011,11,26,33,,,,,,,,,,,76.86159538,,2012-04-12,2023-09-25
2012-0008-ITA,No,tec-tra-wat-wat,Technological,Transport,Water,Water,,"Cruise boat ""Concordia""",ITA,Italy,Southern Europe,Europe,Giglio Island,,,No,No,No,,,,,,,2012,1,13,2012,1,14,32,60,,,60,,,515000,656451,,,78.45211388,,2012-01-23,2023-09-25
2012-0019-ITA,No,nat-met-ext-col,Natural,Meteorological,Extreme temperature,Cold wave,GLIDE:CW-2012-000006,,ITA,Italy,Southern Europe,Europe,"Milano district (Lombardia province), Abruzzi, Emilia-romagna, Marche, Umbria, Toscana, Campania, Sicilia provinces",,,No,No,Yes,,-25,°C,,,,2012,2,,2012,2,,45,,,,,,,,,132601,169022,78.45211388,"[{""adm1_code"":1616,""adm1_name"":""Abruzzi""},{""adm1_code"":1619,""adm1_name"":""Campania""},{""adm1_code"":1620,""adm1_name"":""Emilia-romagna""},{""adm1_code"":1625,""adm1_name"":""Marche""},{""adm1_code"":1630,""adm1_name"":""Sicilia""},{""adm1_code"":1631,""adm1_name"":""Toscana""},{""adm1_code"":1633,""adm1_name"":""Umbria""},{""adm2_code"":18363,""adm2_name"":""Milano""}]",2012-02-08,2023-09-25
2012-0121-ITA,No,tec-tra-wat-wat,Technological,Transport,Water,Water,,Migrants,ITA,Italy,Southern Europe,Europe,,,,No,No,No,,,,,,,2012,4,3,2012,4,3,10,,48,,48,,,,,,,78.45211388,,2012-04-26,2023-09-25
2012-0142-ITA,No,nat-geo-ear-gro,Natural,Geophysical,Earthquake,Ground movement,USGS:usp000jkn8,,ITA,Italy,Southern Europe,Europe,"Finale Emilia, Mirandola towns (Modena Province, Emilia-romagna Region), Sant'Agostino area (Ferrara province, Emilia-romagna Region)",,,No,No,No,,6,Richter,44.89,11.23,,2012,5,20,2012,5,20,7,50,11000,,11050,,,1300000,1657062,15800000,20139674,78.45211388,"[{""adm2_code"":18335,""adm2_name"":""Ferrara""},{""adm2_code"":18337,""adm2_name"":""Modena""}]",2012-07-06,2023-09-25
2012-0162-ITA,No,nat-geo-ear-gro,Natural,Geophysical,Earthquake,Ground movement,GLIDE:EQ-2012-000090|USGS:usp000jm2n,,ITA,Italy,Southern Europe,Europe,Modena Province (Emilia-romagna Region),,,No,No,No,,5.8,Richter,44.851,11.086,,2012,5,29,2012,5,29,17,350,,14000,14350,,,1300000,1657062,,,78.45211388,"[{""adm2_code"":18337,""adm2_name"":""Modena""}]",2012-07-06,2023-09-25
2012-0368-ITA,No,tec-tra-wat-wat,Technological,Transport,Water,Water,,Migrants,ITA,Italy,Southern Europe,Europe,Near Lampedusa Isl.,,,No,No,No,,,,,,,2012,9,6,2012,9,7,11,,56,,56,,,,,,,78.45211388,,2012-09-17,2023-09-25
2012-0424-ITA,No,tec-tra-wat-wat,Technological,Transport,Water,Water,,Migrants,ITA,Italy,Southern Europe,Europe,Between Lampedusa Isl. and Lybian coast,,,No,No,No,,,,,,,2012,10,29,2012,10,29,10,,,,,,,,,,,78.45211388,,2012-11-19,2023-09-25
2012-0466-ITA,No,nat-hyd-flo-riv,Natural,Hydrological,Flood,Riverine flood,,,ITA,Italy,Southern Europe,Europe,"Massa-carrara, Pisa, Livorno, Siena districts (Toscana province) Capalbio, Albinia, Orbetello towns (Grossetto district, Toscana province), Orvieto town (Terni district, Umbria province), Venezia district (Veneto province), Roma district (Lazio province)",Torrential rain,,No,No,No,,,Km2,43.1605,12.41,,2012,11,11,2012,11,18,4,,500,700,1200,,,,,15000,19120,78.45211388,"[{""adm2_code"":18350,""adm2_name"":""Roma""},{""adm2_code"":18401,""adm2_name"":""Grosseto""},{""adm2_code"":18402,""adm2_name"":""Livorno""},{""adm2_code"":18404,""adm2_name"":""Massa-carrara""},{""adm2_code"":18405,""adm2_name"":""Pisa""},{""adm2_code"":18408,""adm2_name"":""Siena""},{""adm2_code"":18412,""adm2_name"":""Terni""},{""adm2_code"":18418,""adm2_name"":""Venezia""}]",2012-11-21,2023-09-25
2012-9290-ITA,No,nat-cli-dro-dro,Natural,Climatological,Drought,Drought,,,ITA,Italy,Southern Europe,Europe,"Abruzzi, Basilicata, Calabria, Campania, Emilia-romagna, Friuli-venezia Giulia, Lazio, Liguria, Lombardia, Marche, Molise, Piemonte, Puglia, Sardegna, Sicilia, Toscana, Trentino-alto Adige, Umbria, Valle D'aosta, Veneto provinces",,Heat wave,No,No,No,,,Km2,,,,2012,6,1,2012,10,10,,,,,,,,,,1190000,1516849,78.45211388,"[{""adm1_code"":1616,""adm1_name"":""Abruzzi""},{""adm1_code"":1617,""adm1_name"":""Basilicata""},{""adm1_code"":1618,""adm1_name"":""Calabria""},{""adm1_code"":1619,""adm1_name"":""Campania""},{""adm1_code"":1620,""adm1_name"":""Emilia-romagna""},{""adm1_code"":1621,""adm1_name"":""Friuli-venezia Giulia""},{""adm1_code"":1622,""adm1_name"":""Lazio""},{""adm1_code"":1623,""adm1_name"":""Liguria""},{""adm1_code"":1624,""adm1_name"":""Lombardia""},{""adm1_code"":1625,""adm1_name"":""Marche""},{""adm1_code"":1626,""adm1_name"":""Molise""},{""adm1_code"":1627,""adm1_name"":""Piemonte""},{""adm1_code"":1628,""adm1_name"":""Puglia""},{""adm1_code"":1629,""adm1_name"":""Sardegna""},{""adm1_code"":1630,""adm1_name"":""Sicilia""},{""adm1_code"":1631,""adm1_name"":""Toscana""},{""adm1_code"":1632,""adm1_name"":""Trentino-alto Adige""},{""adm1_code"":1633,""adm1_name"":""Umbria""},{""adm1_code"":1634,""adm1_name"":""Valle D'aosta""},{""adm1_code"":1635,""adm1_name"":""Veneto""}]",2013-03-28,2023-09-25
2013-0321-ITA,No,tec-tra-roa-roa,Technological,Transport,Road,Road,,,ITA,Italy,Southern Europe,Europe,Near Avellino (Naples),,,No,No,No,,,,,,,2013,7,28,2013,7,28,40,8,,,8,,,,,,,79.60130942,,2013-09-13,2023-09-25
2013-0441-ITA,No,nat-hyd-flo-riv,Natural,Hydrological,Flood,Riverine flood,,,ITA,Italy,Southern Europe,Europe,"Olbia, Arzachena cities (Sassari district, Sardegna province)",Cyclone Cleopatra,,No,No,Yes,,15699,Km2,40.3,9.01,,2013,11,18,2013,11,19,18,,2700,,2700,,,,,780000,979883,79.60130942,"[{""adm2_code"":18389,""adm2_name"":""Sassari""}]",2014-04-04,2023-09-25
2013-0462-ITA,No,tec-tra-wat-wat,Technological,Transport,Water,Water,,Migrants,ITA,Italy,Southern Europe,Europe,Between Lampedusa and Malta,,,No,No,No,,,,,,,2013,10,11,2013,10,11,50,,200,,200,,,,,,,79.60130942,,2013-11-22,2023-09-25
2013-0463-ITA,No,tec-tra-wat-wat,Technological,Transport,Water,Water,,Migrants,ITA,Italy,Southern Europe,Europe,Near Lampedusa Isl.,,,No,No,No,,,,,,,2013,10,3,2013,10,3,366,,155,,155,,,,,,,79.60130942,,2013-11-22,2023-09-25
2013-0477-ITA,No,tec-mis-mis-mis,Technological,Miscellaneous accident,Miscellaneous accident (General),Miscellaneous accident (General),,Drwning,ITA,Italy,Southern Europe,Europe,Near Scicli (REguse reion),,,No,No,No,,,,,,,2013,9,30,2013,9,30,13,,,,,,,,,,,79.60130942,,2013-11-25,2023-09-25
2014-0026-ITA,No,nat-hyd-flo-fla,Natural,Hydrological,Flood,Flash flood,,,ITA,Italy,Southern Europe,Europe,"Bastiglia, Carpi, Medolla, Mirandoli cities (Modena district, Emilia-romagna province), Genova, La Spezia districts (Liguria province), Pisa, Volterra cities (Pisa district, Toscana province), Bologna district (Emilia-romagna province)",Heavy rains,"Slide (land, mud, snow, rock)",No,No,No,,,Km2,43.9958,7.1,Secchia,2014,1,18,2014,1,31,2,1,600,1000,1601,,,,,120000,148345,80.89262372,"[{""adm2_code"":18334,""adm2_name"":""Bologna""},{""adm2_code"":18337,""adm2_name"":""Modena""},{""adm2_code"":18352,""adm2_name"":""Genova""},{""adm2_code"":18354,""adm2_name"":""La Spezia""},{""adm2_code"":18405,""adm2_name"":""Pisa""}]",2014-05-14,2023-09-25
2014-0045-ITA,No,nat-hyd-flo-riv,Natural,Hydrological,Flood,Riverine flood,,,ITA,Italy,Southern Europe,Europe,"Ponsacco, San Miniato towns (Pisa district, Toscane province); Roma, Ostie, Fiumicino towns (Roma district, Lazio province), Noto town (Siracusa district, Sicila province), Catania, Messina districts (Sicilia province), Monasterace town (Reggio Calabria district, Calabria province), Frosinone district (Lazio province).",,"Slide (land, mud, snow, rock)",No,No,No,,,Km2,,,"Tibre, Arno",2014,1,31,2014,2,1,4,,,,,,,,,294000,363445,80.89262372,"[{""adm2_code"":18326,""adm2_name"":""Reggio Calabria""},{""adm2_code"":18347,""adm2_name"":""Frosinone""},{""adm2_code"":18350,""adm2_name"":""Roma""},{""adm2_code"":18392,""adm2_name"":""Catania""},{""adm2_code"":18394,""adm2_name"":""Messina""},{""adm2_code"":18397,""adm2_name"":""Siracusa""},{""adm2_code"":18405,""adm2_name"":""Pisa""}]",2014-02-05,2023-09-25
2014-0230-ITA,No,tec-tra-wat-wat,Technological,Transport,Water,Water,,Migrants,ITA,Italy,Southern Europe,Europe,Near Lampedusa,,,No,No,No,,,,,,,2014,7,19,2014,7,19,29,2,,,2,,,,,,,80.89262372,,2014-07-22,2023-09-25
2014-0252-ITA,No,nat-hyd-flo-fla,Natural,Hydrological,Flood,Flash flood,,,ITA,Italy,Southern Europe,Europe,"Senigallia, Chiaravalle towns (Ancona district, Marche province)",Torrential rain,,No,No,No,,11256,Km2,,,"Triponzio, Misa",2014,5,2,2014,5,10,3,,8010,,8010,,,,,120000,148345,80.89262372,"[{""adm2_code"":18367,""adm2_name"":""Ancona""}]",2014-07-25,2023-09-25
2014-0379-ITA,No,tec-tra-wat-wat,Technological,Transport,Water,Water,,Migrants,ITA,Italy,Southern Europe,Europe,Near Catana,,,No,No,No,,,,,,,2014,7,2,2014,7,2,75,,27,,27,,,,,,,80.89262372,,2014-10-09,2023-09-25
2014-0448-ITA,No,nat-hyd-flo-fla,Natural,Hydrological,Flood,Flash flood,,,ITA,Italy,Southern Europe,Europe,"Genova district (Liguria province), Torino district (Piemonte province), Parma district (Emilia-romagna province), Padova district (Veneto province), Brescia district (Lombardia province)",Torrential rain,"Slide (land, mud, snow, rock)",No,No,No,,,Km2,,,,2014,10,8,2014,10,11,1,,,,,,,,,303000,374571,80.89262372,"[{""adm2_code"":18338,""adm2_name"":""Parma""},{""adm2_code"":18352,""adm2_name"":""Genova""},{""adm2_code"":18357,""adm2_name"":""Brescia""},{""adm2_code"":18378,""adm2_name"":""Torino""},{""adm2_code"":18415,""adm2_name"":""Padova""}]",2014-11-07,2023-09-25
2014-0458-ITA,No,nat-met-sto-lig,Natural,Meteorological,Storm,Lightning/Thunderstorms,,,ITA,Italy,Southern Europe,Europe,"Moscazzano town (Cremona district, Lombardia province), Crevacuore town (Biella district, Piemonte province), Milano district (Lombardia province)",,"Flood|Slide (land, mud, snow, rock)",No,No,No,,,Kph,,,"Seveso, Lambro",2014,11,12,2014,11,16,5,,,,,,,,,250000,309052,80.89262372,"[{""adm2_code"":18359,""adm2_name"":""Cremona""},{""adm2_code"":18363,""adm2_name"":""Milano""},{""adm2_code"":18375,""adm2_name"":""Biella""}]",2014-11-21,2023-09-25
2014-0502-ITA,No,tec-tra-wat-wat,Technological,Transport,Water,Water,,Ferry 'Norman Atlantic',ITA,Italy,Southern Europe,Europe,Near Bari,,,No,No,No,,,,,,,2014,12,28,2014,12,28,31,,477,,477,,,,,,,80.89262372,,2015-01-05,2023-09-25
2014-0561-ITA,No,tec-tra-wat-wat,Technological,Transport,Water,Water,,Migrants,ITA,Italy,Southern Europe,Europe,Mediterranean Sea,,,No,No,No,,,,,,,2014,8,23,2014,8,23,28,,,,,,,,,,,80.89262372,,2015-04-02,2023-09-25
2015-0047-ITA,No,tec-tra-wat-wat,Technological,Transport,Water,Water,,Migrants,ITA,Italy,Southern Europe,Europe,Au large de Lampedusa,,,No,No,No,,,,,,,2015,2,8,2015,2,8,329,,,,,,,,,,,80.98857899,,2015-02-18,2023-09-25
2015-0064-ITA,No,tec-tra-wat-wat,Technological,Transport,Water,Water,,Migrants,ITA,Italy,Southern Europe,Europe,Near Sicilia,,,No,No,No,,,,,,,2015,3,4,2015,3,4,50,,127,,127,,,,,,,80.98857899,,2015-03-04,2023-09-25
2015-0081-ITA,No,nat-met-sto-sev,Natural,Meteorological,Storm,Severe weather,,,ITA,Italy,Southern Europe,Europe,"Milano district (Lombardia province), Toscane, Liguria, Abruzzi, Umbria, Marche, Puglia, Campania, Emilia-Romagna provinces",,Flood|Snow/ice,No,No,No,,200,Kph,,,,2015,3,2,2015,3,9,3,,,,,,,276000,340789,869000,1072991,80.98857899,"[{""adm1_code"":1616,""adm1_name"":""Abruzzi""},{""adm1_code"":1620,""adm1_name"":""Emilia-romagna""},{""adm1_code"":1623,""adm1_name"":""Liguria""},{""adm1_code"":1625,""adm1_name"":""Marche""},{""adm1_code"":1628,""adm1_name"":""Puglia""},{""adm1_code"":1631,""adm1_name"":""Toscana""},{""adm1_code"":1633,""adm1_name"":""Umbria""},{""adm2_code"":18363,""adm2_name"":""Milano""}]",2015-03-11,2023-09-25
2015-0182-ITA,No,tec-tra-wat-wat,Technological,Transport,Water,Water,,Migrants,ITA,Italy,Southern Europe,Europe,Near Catane (Sicilia),,,No,No,No,,,,,,,2015,5,5,2015,5,5,40,,,,,,,,,,,80.98857899,,2015-05-21,2023-09-25
2015-0276-ITA,No,tec-tra-wat-wat,Technological,Transport,Water,Water,,Migrants,ITA,Italy,Southern Europe,Europe,Sicilia,,,No,No,No,,,,,,,2015,7,11,2015,7,11,12,,,,,,,,,,,80.98857899,,2015-07-23,2023-09-25
2015-0304-ITA,No,tec-ind-exp-exp,Technological,Industrial accident,Explosion (Industrial),Explosion (Industrial),,Firework factory,ITA,Italy,Southern Europe,Europe,Near Bari,,,No,No,No,,,m3,,,,2015,7,24,2015,7,24,10,,,,,,,,,,,80.98857899,,2015-07-31,2023-09-25
2015-0356-ITA,No,tec-tra-wat-wat,Technological,Transport,Water,Water,,Migrants,ITA,Italy,Southern Europe,Europe,Near Lempedusa,,,No,No,No,,,,,,,2015,8,13,2015,8,13,60,,,,,,,,,,,80.98857899,,2015-08-13,2023-09-25
2015-0378-ITA,No,tec-tra-wat-wat,Technological,Transport,Water,Water,,Migrants,ITA,Italy,Southern Europe,Europe,,,,No,No,No,,,,,,,2015,8,26,2015,8,26,55,,,,,,,,,,,80.98857899,,2015-08-28,2023-09-25
2015-0404-ITA,No,tec-tra-wat-wat,Technological,Transport,Water,Water,,Migrants,ITA,Italy,Southern Europe,Europe,,,,No,No,No,,,,,,,2015,9,3,2015,9,3,31,,,,,,,,,,,80.98857899,,2015-09-04,2023-09-25
2015-0465-ITA,No,nat-hyd-flo-fla,Natural,Hydrological,Flood,Flash flood,,,ITA,Italy,Southern Europe,Europe,"L'Aquila district (Abruzzi province), Tivoli city (Roma district, Lazio province), Frosinone district (Lazio province); Benevento (Campania region); Palermo, Messina, Trapani districts (Sicilia province)",Heavy rains,"Slide (land, mud, snow, rock)",No,No,No,,,Km2,,,,2015,10,14,2015,10,16,4,,50,,50,,,,,163000,201263,80.98857899,"[{""adm2_code"":18318,""adm2_name"":""L'Aquila""},{""adm2_code"":18329,""adm2_name"":""Benevento""},{""adm2_code"":18347,""adm2_name"":""Frosinone""},{""adm2_code"":18394,""adm2_name"":""Messina""},{""adm2_code"":18395,""adm2_name"":""Palermo""},{""adm2_code"":18398,""adm2_name"":""Trapani""}]",2015-10-23,2023-09-25
2015-0532-ITA,No,nat-hyd-flo-fla,Natural,Hydrological,Flood,Flash flood,,,ITA,Italy,Southern Europe,Europe,"Reggio Calabria, Catanzaro districts (Calabria province); Messina, Catania districts (Sicilia province)",,,No,No,No,,,Km2,,,,2015,11,1,2015,11,13,2,,,,,,,,,,,80.98857899,"[{""adm2_code"":18323,""adm2_name"":""Catanzaro""},{""adm2_code"":18326,""adm2_name"":""Reggio Calabria""},{""adm2_code"":18392,""adm2_name"":""Catania""},{""adm2_code"":18394,""adm2_name"":""Messina""}]",2015-12-10,2023-09-25
2015-0598-ITA,No,nat-hyd-flo-fla,Natural,Hydrological,Flood,Flash flood,,,ITA,Italy,Southern Europe,Europe,"Corigiano Calabro, Rossano Calabro (Cosenza province, Calabria)",Heavy rains,,No,No,Yes,,,Km2,,,,2015,8,11,2015,8,12,,,500,,500,,,,,111000,137056,80.98857899,"[{""adm2_code"":18324,""adm2_name"":""Cosenza""}]",2016-04-06,2023-09-25
2016-0258-ITA,No,tec-tra-rai-rai,Technological,Transport,Rail,Rail,,,ITA,Italy,Southern Europe,Europe,Pouilles,,,No,No,No,,,,,,,2016,7,12,2016,7,12,25,52,,,52,,,,,,,82.0103309,,2016-08-03,2023-09-25
2016-0313-ITA,No,nat-geo-ear-gro,Natural,Geophysical,Earthquake,Ground movement,GLIDE:EQ-2016-000095,,ITA,Italy,Southern Europe,Europe,"Amatrice, Accumoli, Pescara del Tronto, Arquataa, Posta (Rieti and Ascoli Piceno provinces)",,,No,No,Yes,,6.2,Richter,42.723,13.187,,2016,8,24,2016,8,24,296,400,4454,,4854,,,75000,91452,5000000,6096793,82.0103309,"[{""adm2_code"":18349,""adm2_name"":""Rieti""},{""adm2_code"":18368,""adm2_name"":""Ascoli Piceno""}]",2016-08-29,2023-09-25
2016-0357-ITA,No,nat-geo-ear-gro,Natural,Geophysical,Earthquake,Ground movement,,,ITA,Italy,Southern Europe,Europe,"Visso, Ussita (Macerata district, Marche province)",,,No,No,No,,6.1,Richter,42.934,13.043,,2016,10,26,2016,10,26,1,24,3003,,3027,,,,,200000,243872,82.0103309,"[{""adm2_code"":18369,""adm2_name"":""Macerata""}]",2016-11-16,2023-09-25
2016-0358-ITA,No,nat-geo-ear-gro,Natural,Geophysical,Earthquake,Ground movement,,,ITA,Italy,Southern Europe,Europe,"Norcia (Perugia district, Umbria province)",,,No,No,No,,6.5,Richter,42.855,13.088,,2016,10,30,2016,10,30,,20,22272,,22292,,,,,200000,243872,82.0103309,"[{""adm2_code"":18411,""adm2_name"":""Perugia""}]",2016-11-16,2023-09-25
2016-0453-ITA,No,nat-hyd-flo-riv,Natural,Hydrological,Flood,Riverine flood,,,ITA,Italy,Southern Europe,Europe,"Piémont, Liguria provinces",Heavy rains,,No,No,No,,,Km2,,,"Po, Tanaro, Bormida, Pellice and Dora Riparia rivers",2016,11,23,2016,11,25,2,,400,,400,,,,,100000,121936,82.0103309,"[{""adm1_code"":1623,""adm1_name"":""Liguria""},{""adm1_code"":1627,""adm1_name"":""Piemonte""}]",2016-11-28,2023-09-25
2017-0015-ITA,No,nat-geo-ear-gro,Natural,Geophysical,Earthquake,Ground movement,,,ITA,Italy,Southern Europe,Europe,"Avezzano, Campotosto, Montereale, Capitignano, Ortolano di Campoposto, Mopolino (L’Aquila); Csatel Castagna, Csatigkione Messer Raimondo, Prati di Tivo (Teramao); Abruzzo (Pescara), Lazio (Rieti), Marche (Ascoli Piceno, Macerata, Fermo, Ancona) region",,"Avalanche (Snow, Debris)",No,No,No,,5.3,Richter,42.601,13.227,13.227,2017,1,18,2017,1,19,29,11,,,11,,,6000,7164,18000,21491,83.75725455,"[{""adm1_code"":1633,""adm1_name"":""Umbria""},{""adm2_code"":18318,""adm2_name"":""L'Aquila""},{""adm2_code"":18319,""adm2_name"":""Pescara""},{""adm2_code"":18320,""adm2_name"":""Teramo""},{""adm2_code"":18349,""adm2_name"":""Rieti""},{""adm2_code"":18367,""adm2_name"":""Ancona""},{""adm2_code"":18368,""adm2_name"":""Ascoli Piceno""},{""adm2_code"":18369,""adm2_name"":""Macerata""}]",2017-01-20,2023-09-25
2017-0024-ITA,No,tec-tra-roa-roa,Technological,Transport,Road,Road,,,ITA,Italy,Southern Europe,Europe,San Martino Buon Albergo (near Vérone),,,No,No,No,,,,,,,2017,1,21,2017,1,21,16,13,,,13,,,,,,,83.75725455,,2017-01-23,2023-09-25
2017-0328-ITA,No,nat-met-sto-sev,Natural,Meteorological,Storm,Severe weather,,,ITA,Italy,Southern Europe,Europe,"Tramontina (Pordenone & Udine-Frioul region); Marziai (Belluno-Dolomites), Cortina d'Ampezzo (Belluno), Alto Adige, Lago di Garda (Verona), Adige Valley",,Flood|Hail,No,No,No,,,Kph,,,,2017,8,5,2017,8,6,4,,,,,,,,,3500,4179,83.75725455,,2017-08-07,2023-09-25
2017-0349-ITA,No,nat-geo-ear-gro,Natural,Geophysical,Earthquake,Ground movement,,,ITA,Italy,Southern Europe,Europe,"Casamicciola Terme, Lacco Ameno (Ischia Isl.), near Flegrea coast of Campania (Naples province)",,,No,No,No,,4.3,Richter,,,,2017,8,23,2017,8,23,2,42,2600,,2642,,,,,,,83.75725455,"[{""adm2_code"":18332,""adm2_name"":""Napoli""}]",2017-08-23,2023-09-25
2017-0408-ITA,No,nat-met-sto-lig,Natural,Meteorological,Storm,Lightning/Thunderstorms,,,ITA,Italy,Southern Europe,Europe,"Livourne, Rosignano, Chioma",,"Flood|Slide (land, mud, snow, rock)",No,No,No,,,Kph,,,,2017,9,9,2017,9,10,9,,1000,,1000,,,,,216000,257888,83.75725455,"[{""adm2_code"":18402,""adm2_name"":""Livorno""}]",2017-10-05,2023-09-25
2017-0423-ITA,No,tec-tra-wat-wat,Technological,Transport,Water,Water,,Migrants,ITA,Italy,Southern Europe,Europe,Near Salerne,,,No,No,No,,,,,,,2017,11,5,2017,11,5,23,,,,,,,,,,,83.75725455,,2017-11-06,2023-09-25
2017-0544-ITA,No,nat-hyd-flo-riv,Natural,Hydrological,Flood,Riverine flood,DFO:4551,,ITA,Italy,Southern Europe,Europe,"Emilia Romagna (between Sorbolo and Boretto (Parma, Reggio Emilia), Lentigione village, Brescello, Colorno), Tuscany (Lucca)","Snowmelt, Rain",,No,No,No,,27560.36,Km2,45.457,105.881,"Po, Enza, Parma",2017,12,11,2017,12,12,,,1000,,1000,,,48000,57308,125000,149241,83.75725455,"[{""adm2_code"":18338,""adm2_name"":""Parma""},{""adm2_code"":18341,""adm2_name"":""Reggio Emilia""},{""adm2_code"":18403,""adm2_name"":""Lucca""}]",2018-01-25,2023-09-25
2017-0579-ITA,No,tec-mis-mis-mis,Technological,Miscellaneous accident,Miscellaneous accident (General),Miscellaneous accident (General),,Stampede,ITA,Italy,Southern Europe,Europe,Turin,,,No,No,No,,,,,,,2017,6,3,2017,6,3,1,1500,,,1500,,,,,,,83.75725455,,2018-07-11,2023-09-25
2017-9296-ITA,No,nat-cli-dro-dro,Natural,Climatological,Drought,Drought,,,ITA,Italy,Southern Europe,Europe,"Calabria, Abruzzo, Campania, Tuscany, Emilia Romagna (Parma, Piacenza ), Puglia, Sardinia, Lazio, Lombardy, Umbria, Marche, Sicily, Piemonte (Alessandria, Asti, Cuneo), Trentino-South Tyrol (Val di Non, Val Sun, Valsugana)",,,No,No,No,,,Km2,,,,2017,7,,2017,7,,,,,,,,,,,2300000,2746031,83.75725455,"[{""adm1_code"":1616,""adm1_name"":""Abruzzi""},{""adm1_code"":1618,""adm1_name"":""Calabria""},{""adm1_code"":1619,""adm1_name"":""Campania""},{""adm1_code"":1620,""adm1_name"":""Emilia-romagna""},{""adm1_code"":1622,""adm1_name"":""Lazio""},{""adm1_code"":1624,""adm1_name"":""Lombardia""},{""adm1_code"":1625,""adm1_name"":""Marche""},{""adm1_code"":1627,""adm1_name"":""Piemonte""},{""adm1_code"":1628,""adm1_name"":""Puglia""},{""adm1_code"":1629,""adm1_name"":""Sardegna""},{""adm1_code"":1630,""adm1_name"":""Sicilia""},{""adm1_code"":1631,""adm1_name"":""Toscana""},{""adm1_code"":1632,""adm1_name"":""Trentino-alto Adige""},{""adm1_code"":1633,""adm1_name"":""Umbria""}]",2017-07-31,2023-09-25
2018-0061-ITA,No,nat-met-ext-col,Natural,Meteorological,Extreme temperature,Cold wave,,,ITA,Italy,Southern Europe,Europe,,,,No,No,No,,,°C,,,,2018,2,23,2018,2,28,1,,,,,,,,,,,85.80302606,,2018-02-28,2023-09-25
2018-0235-ITA,No,nat-met-ext-hea,Natural,Meteorological,Extreme temperature,Heat wave,,,ITA,Italy,Southern Europe,Europe,,,,No,No,No,,40,°C,,,,2018,8,,2018,8,,,,,,,,,,,,,85.80302606,,2018-08-08,2023-09-25
2018-0260-ITA,No,tec-tra-roa-roa,Technological,Transport,Road,Road,,,ITA,Italy,Southern Europe,Europe,Foggia region (Pouilles),,,No,No,No,,,,,,,2018,8,6,2018,8,6,12,,,,,,,,,,,85.80302606,,2018-08-08,2023-09-25
2018-0296-ITA,No,tec-mis-col-col,Technological,Miscellaneous accident,Collapse (Miscellaneous),Collapse (Miscellaneous),,Bridge,ITA,Italy,Southern Europe,Europe,Gênes,,,No,No,Yes,,,,,,,2018,8,14,2018,8,14,43,16,630,,646,,,,,,,85.80302606,,2018-08-14,2023-09-25
2018-0308-ITA,No,nat-hyd-flo-fla,Natural,Hydrological,Flood,Flash flood,,,ITA,Italy,Southern Europe,Europe,Cosenza (Calabria),,,No,No,No,,,Km2,,,,2018,8,21,2018,8,21,10,,23,,23,,,,,,,85.80302606,"[{""adm2_code"":18324,""adm2_name"":""Cosenza""}]",2018-08-23,2023-09-25
2018-0397-ITA,No,nat-met-sto-ext,Natural,Meteorological,Storm,Extra-tropical storm,,Storm 'Adrian',ITA,Italy,Southern Europe,Europe,"Liguria and Lazio municipalities; Trento Province, Belluno Province, Bolzano Province, Savona Province, Naples, Emilia-Romagna Region, Veneto, LiToscana, Piemonte, Lazio, Sardegna",,"Flood|Slide (land, mud, snow, rock)",No,No,Yes,,,Kph,,,,2018,10,29,2018,11,4,12,,2200,,2200,,,,,1100000,1282006,85.80302606,"[{""adm1_code"":1620,""adm1_name"":""Emilia-romagna""},{""adm1_code"":1622,""adm1_name"":""Lazio""},{""adm1_code"":1623,""adm1_name"":""Liguria""},{""adm1_code"":1627,""adm1_name"":""Piemonte""},{""adm1_code"":1629,""adm1_name"":""Sardegna""},{""adm1_code"":1631,""adm1_name"":""Toscana""},{""adm1_code"":1635,""adm1_name"":""Veneto""},{""adm2_code"":18332,""adm2_name"":""Napoli""},{""adm2_code"":18409,""adm2_name"":""Bolzano""},{""adm2_code"":18410,""adm2_name"":""Trento""}]",2018-11-05,2023-09-25
2018-0461-ITA,No,nat-geo-vol-vol,Natural,Geophysical,Volcanic activity,Volcanic activity (General),,Mount Etna,ITA,Italy,Southern Europe,Europe,"Acicatena, Acireale, Aci Sant’Antonio, Santa Venerina, Viagrande and Zafferana Etnea (Catane, Sicily)",,Earthquake,No,No,No,,,,,,,2018,12,24,2018,12,26,,28,300,,328,,,,,115000,134028,85.80302606,"[{""adm1_code"":1630,""adm1_name"":""Sicilia""}]",2019-01-02,2023-09-25
2019-0195-ITA,No,nat-hyd-flo-flo,Natural,Hydrological,Flood,Flood (General),,,ITA,Italy,Southern Europe,Europe,"San Martino di Villafranca (Forlì Province, Emilia-Romagna Region)",Heavy rains,,No,No,No,,,Km2,,,,2019,5,15,2019,5,15,,,1200,,1200,,,,,,,87.35800677,"[{""adm2_code"":18336,""adm2_name"":""Forli'""}]",2019-05-15,2023-09-25
2019-0296-ITA,No,nat-met-ext-hea,Natural,Meteorological,Extreme temperature,Heat wave,,,ITA,Italy,Southern Europe,Europe,"Marche Region, Veneto Region, Milan",,,No,No,No,,,°C,,,,2019,6,26,2019,6,30,3,,,,,,,,,,,87.35800677,"[{""adm1_code"":1625,""adm1_name"":""Marche""},{""adm1_code"":1635,""adm1_name"":""Veneto""},{""adm2_code"":18363,""adm2_name"":""Milano""}]",2019-07-05,2023-09-25
2019-0512-ITA,No,tec-tra-wat-wat,Technological,Transport,Water,Water,,Migrants,ITA,Italy,Southern Europe,Europe,Lampedusa,,,No,No,No,,,,,,,2019,10,7,2019,10,7,23,,22,,22,,,,,,,87.35800677,,2019-10-28,2023-09-25
2019-0533-ITA,No,nat-met-sto-ext,Natural,Meteorological,Storm,Extra-tropical storm,,Storm 'Amelie',ITA,Italy,Southern Europe,Europe,"Liguria, Tuscany, Campania",,"Flood|Slide (land, mud, snow, rock)",No,No,No,,,Kph,,,,2019,11,3,2019,11,3,,,12,,12,,,,,,,87.35800677,"[{""adm1_code"":1619,""adm1_name"":""Campania""},{""adm1_code"":1623,""adm1_name"":""Liguria""},{""adm1_code"":1631,""adm1_name"":""Toscana""}]",2019-11-05,2023-09-25
2019-0543-ITA,No,nat-met-sto-sev,Natural,Meteorological,Storm,Severe weather,,,ITA,Italy,Southern Europe,Europe,Albano Laziale (Lazio Region); Emilia-Romagna; Martello Municipality (Trentino-South Tyrol Region); Tuscany; Venice,,"Flood|Slide (land, mud, snow, rock)",No,No,Yes,,,Kph,,,,2019,11,12,2019,11,18,2,,200,,200,,,,,,,87.35800677,"[{""adm1_code"":1620,""adm1_name"":""Emilia-romagna""},{""adm1_code"":1622,""adm1_name"":""Lazio""},{""adm1_code"":1631,""adm1_name"":""Toscana""},{""adm1_code"":1632,""adm1_name"":""Trentino-alto Adige""},{""adm1_code"":1635,""adm1_name"":""Veneto""}]",2019-11-19,2023-09-25
2019-0558-ITA,No,nat-met-sto-sev,Natural,Meteorological,Storm,Severe weather,,,ITA,Italy,Southern Europe,Europe,"Piedmont, Liguria, Aosta Valley, Lombardy, Campania, Calabria regions",,"Slide (land, mud, snow, rock)|Surge",No,No,No,,,Kph,,,,2019,11,23,2019,11,24,,,,,,,,,,,,87.35800677,"[{""adm1_code"":1618,""adm1_name"":""Calabria""},{""adm1_code"":1619,""adm1_name"":""Campania""},{""adm1_code"":1623,""adm1_name"":""Liguria""},{""adm1_code"":1624,""adm1_name"":""Lombardia""},{""adm1_code"":1627,""adm1_name"":""Piemonte""},{""adm1_code"":1634,""adm1_name"":""Valle D'aosta""}]",2019-11-25,2023-09-25
2020-0051-ITA,No,nat-met-sto-ext,Natural,Meteorological,Storm,Extra-tropical storm,,Storm 'Ciara' (Sabine),ITA,Italy,Southern Europe,Europe,Traona (Lombardy),,,No,No,No,,,Kph,,,,2020,2,8,2020,2,9,1,,,,,,,,,,,88.43564081,"[{""adm2_code"":18365,""adm2_name"":""Sondrio""}]",2020-02-12,2024-04-12
2020-0365-ITA,No,nat-hyd-mmw-lan,Natural,Hydrological,Mass movement (wet),Landslide (wet),,,ITA,Italy,Southern Europe,Europe,"Chiareggio Locality (Sondrio Province, Lombardy region)",Heavy rains,,No,No,No,,,,,,,2020,8,12,2020,8,12,3,2,180,,182,,,,,,,88.43564081,"[{""adm2_code"":18365,""adm2_name"":""Sondrio""}]",2020-08-17,2023-09-25
2020-0406-ITA,No,nat-met-sto-sev,Natural,Meteorological,Storm,Severe weather,,,ITA,Italy,Southern Europe,Europe,"Massa, Carrara Province (Tuscany Region); Varese Province (Lombardy Region) Ancona Province (Marche Region); Trentino-South Tyrol Region",,Flood|Hail,No,No,No,,,Kph,,,,2020,8,29,2020,8,30,3,20,900,,920,,,,,60000,67846,88.43564081,"[{""adm1_code"":1632,""adm1_name"":""Trentino-alto Adige""},{""adm2_code"":18366,""adm2_name"":""Varese""},{""adm2_code"":18367,""adm2_name"":""Ancona""},{""adm2_code"":18404,""adm2_name"":""Massa-carrara""}]",2020-09-07,2023-09-25
2020-0418-ITA,No,nat-met-sto-sto,Natural,Meteorological,Storm,Storm (General),,Storm 'Alex',ITA,Italy,Southern Europe,Europe,Liguria and Piemonte Regions of Italy,,"Slide (land, mud, snow, rock)",No,No,No,,,Kph,,,,2020,10,2,2020,10,4,7,2,92,,94,,,,,,,88.43564081,"[{""adm1_code"":1623,""adm1_name"":""Liguria""},{""adm1_code"":1627,""adm1_name"":""Piemonte""}]",2020-10-13,2023-09-25
2020-0521-ITA,No,nat-hyd-flo-fla,Natural,Hydrological,Flood,Flash flood,,,ITA,Italy,Southern Europe,Europe,"Cagliari, Nuoro, Sassari, Oristano (Nuoro Province, central-northern Sardinia)",Heavy rains,"Slide (land, mud, snow, rock)",No,No,No,,,Km2,,,,2020,11,27,2020,11,28,3,,250,,250,,,,,60000,67846,88.43564081,"[{""adm2_code"":18386,""adm2_name"":""Cagliari""},{""adm2_code"":18387,""adm2_name"":""Nuoro""},{""adm2_code"":18388,""adm2_name"":""Oristano""},{""adm2_code"":18389,""adm2_name"":""Sassari""}]",2020-12-01,2023-09-25
2020-0533-ITA,No,nat-hyd-flo-flo,Natural,Hydrological,Flood,Flood (General),,,ITA,Italy,Southern Europe,Europe,"Varese, Potenza, Modena, Belluno, Liguria, Venetie, Frioul, Bolzano, Trevise, Vicence Lombardy, Veneto, Trentino-South Tyrol, Friuli-Venezia Giulia, Emilia-Romagna, Campania Regions",Heavy rain,Snow/ice|Storm,No,No,No,,,Km2,,,,2020,12,4,2020,12,8,2,,453,,453,,,,,,,88.43564081,"[{""adm1_code"":1619,""adm1_name"":""Campania""},{""adm1_code"":1620,""adm1_name"":""Emilia-romagna""},{""adm1_code"":1621,""adm1_name"":""Friuli-venezia Giulia""},{""adm1_code"":1623,""adm1_name"":""Liguria""},{""adm1_code"":1624,""adm1_name"":""Lombardia""},{""adm1_code"":1632,""adm1_name"":""Trentino-alto Adige""},{""adm1_code"":1635,""adm1_name"":""Veneto""},{""adm2_code"":18322,""adm2_name"":""Potenza""}]",2020-12-08,2023-09-25
2020-0540-ITA,No,nat-hyd-flo-flo,Natural,Hydrological,Flood,Flood (General),,,ITA,Italy,Southern Europe,Europe,Crotone and Cosenza provinces (Calabria),Heavy rains,,No,No,No,,,Km2,,,,2020,11,20,2020,11,22,,,200,,200,,,,,10000,11308,88.43564081,"[{""adm2_code"":18324,""adm2_name"":""Cosenza""},{""adm2_code"":18325,""adm2_name"":""Crotone""}]",2020-12-10,2023-09-25
2021-0110-ITA,No,tec-tra-wat-wat,Technological,Transport,Water,Water,,Migrants,ITA,Italy,Southern Europe,Europe,,,,No,No,No,,,,,,,2021,2,20,2021,2,20,49,,77,,77,,,,,,,92.59019293,,2021-02-26,2023-09-25
2021-0114-ITA,No,tec-tra-wat-wat,Technological,Transport,Water,Water,,Migrants,ITA,Italy,Southern Europe,Europe,Near Lampedusa,,,No,No,No,,,,,,,2021,2,13,2021,2,13,22,,25,,25,,,,,,,92.59019293,,2021-02-26,2023-09-25
2021-0290-ITA,No,tec-tra-rai-rai,Technological,Transport,Rail,Rail,,Cable car,ITA,Italy,Southern Europe,Europe,Stresa (Piémont),,,No,No,No,,,,,,,2021,5,23,2021,5,23,14,1,,,1,,,,,,,92.59019293,,2021-05-25,2023-09-25
2021-0411-ITA,No,nat-hyd-flo-flo,Natural,Hydrological,Flood,Flood (General),,,ITA,Italy,Southern Europe,Europe,"Lake Garda, Malcesine, and Torri del Benaco",,Hail|Storm,No,No,No,,,Km2,,,,2021,7,13,2021,7,13,1,,,,,,,,,,,92.59019293,"[{""adm2_code"":18357,""adm2_name"":""Brescia""},{""adm2_code"":18419,""adm2_name"":""Verona""}]",2021-07-20,2023-09-25
2021-0434-ITA,No,nat-cli-wil-wil,Natural,Climatological,Wildfire,Wildfire (General),,,ITA,Italy,Southern Europe,Europe,"Oristano, Nuoro Provinces (Sardinia)",,,No,No,Yes,,,Km2,,,,2021,7,23,2021,7,25,,,11600,,11600,,,,,59000,63722,92.59019293,"[{""adm2_code"":18387,""adm2_name"":""Nuoro""},{""adm2_code"":18388,""adm2_name"":""Oristano""}]",2021-07-26,2023-09-25
2022-0401-ITA,No,nat-cli-glo-glo,Natural,Climatological,Glacial lake outburst flood,Glacial lake outburst flood,,,ITA,Italy,Southern Europe,Europe,"Marmolada mountain (Dolomite Alps range), between Trento Province in the Trentino-South Tyrol Region and Belluno Province in Veneto Region",,,No,No,No,,,,,,,2022,7,3,2022,7,3,11,,,,,,,,,,,100,,2022-07-05,2023-09-26
2022-0465-ITA,No,nat-met-ext-hea,Natural,Meteorological,Extreme temperature,Heat wave,,,ITA,Italy,Southern Europe,Europe,,,,No,No,No,,40.8,°C,,,,2022,5,30,2022,9,4,18010,,,,,,,,,,,100,,2023-07-17,2023-09-26
2022-0525-ITA,No,nat-met-sto-sev,Natural,Meteorological,Storm,Severe weather,,,ITA,Italy,Southern Europe,Europe,"Stromboli Isl.; Calabia; Sardinia; Tuscany, Liguria, Emilia-Romagna",,Hail|Lightening,No,No,Yes,,,Kph,,,,2022,8,14,2022,8,18,2,15,50,,65,,,,,,,100,"[{""adm1_code"":1618,""adm1_name"":""Calabria""},{""adm1_code"":1620,""adm1_name"":""Emilia-romagna""},{""adm1_code"":1623,""adm1_name"":""Liguria""},{""adm1_code"":1629,""adm1_name"":""Sardegna""},{""adm1_code"":1631,""adm1_name"":""Toscana""}]",2022-08-19,2023-09-26
2022-0775-ITA,No,nat-hyd-mmw-mud,Natural,Hydrological,Mass movement (wet),Mudslide,,,ITA,Italy,Southern Europe,Europe,Casamicciola municipality (northern Ischia Island),Heavy rains,Flood,No,No,Yes,,,,,,,2022,11,26,2022,11,26,12,5,230,,235,,,,,,,100,,2022-11-28,2023-09-26
2022-9405-ITA,No,nat-cli-dro-dro,Natural,Climatological,Drought,Drought,,,ITA,Italy,Southern Europe,Europe,"Émilie-Romagne, Frioul-Vénétie Julienne, Lombardie, Vénétie et dans le Piémont ",Lack of rain,,No,No,Yes,,,Km2,,,,2022,6,,2022,12,,,,,,,,,,,,,100,,2022-07-05,2023-09-26
2023-0075-ITA,No,nat-hyd-mmw-ava,Natural,Hydrological,Mass movement (wet),Avalanche (wet),,,ITA,Italy,Southern Europe,Europe,,,,No,No,No,,,,,,,2023,2,4,2023,2,5,1,,,,,,,,,,,,,2023-02-10,2023-09-26
2023-0105-ITA,No,tec-tra-wat-wat,Technological,Transport,Water,Water,,Migrants,ITA,Italy,Southern Europe,Europe,Near Crotone,,,No,No,No,,,,,,,2023,2,26,2023,2,26,64,,79,,79,,,,,,,,,2023-02-28,2023-09-26
2023-0147-ITA,No,tec-tra-wat-wat,Technological,Transport,Water,Water,,Migrants,ITA,Italy,Southern Europe,Europe,Near Cutro (Calabre),,,No,No,No,,,,,,,2023,2,26,2023,2,26,100,,,,,,,,,,,,,2023-03-16,2023-09-26
2023-0219-ITA,No,tec-tra-wat-wat,Technological,Transport,Water,Water,,Migrants,ITA,Italy,Southern Europe,Europe,Near Lampedusa,,,No,No,No,,,,,,,2023,4,9,2023,4,11,22,,,,,,,,,,,,,2023-04-11,2023-09-26
2023-0270-ITA,No,nat-hyd-flo-flo,Natural,Hydrological,Flood,Flood (General),,,ITA,Italy,Southern Europe,Europe,Fontanelice Municipality (Bologna Province); Castel Bolognese Municipality (Ravenna Province); Forlì-Cesena provinces,Heavy rains,"Slide (land, mud, snow, rock)",No,No,No,,,Km2,,,"Senio, Sillaro and Lamone Rivers",2023,4,30,2023,5,3,2,,500,,500,,,,,,,,"[{""adm2_code"":18334,""adm2_name"":""Bologna""},{""adm2_code"":18336,""adm2_name"":""Forli'""},{""adm2_code"":18340,""adm2_name"":""Ravenna""}]",2023-05-04,2023-09-26
2023-0293-ITA,No,nat-hyd-flo-flo,Natural,Hydrological,Flood,Flood (General),GLIDE:FL-2023-000080,,ITA,Italy,Southern Europe,Europe,"Bologna, Ferrara, Forlì-Cesena, Modena, Parma, Ravenna, Reggio Emilia, Rimini;",Storm Minerva,"Slide (land, mud, snow, rock)",No,No,No,,,Km2,,,,2023,5,16,2023,5,20,15,,46000,,46000,,,,,9750000,,,"[{""adm2_code"":18334,""adm2_name"":""Bologna""},{""adm2_code"":18335,""adm2_name"":""Ferrara""},{""adm2_code"":18336,""adm2_name"":""Forli'""},{""adm2_code"":18337,""adm2_name"":""Modena""},{""adm2_code"":18338,""adm2_name"":""Parma""},{""adm2_code"":18340,""adm2_name"":""Ravenna""},{""adm2_code"":18341,""adm2_name"":""Reggio Emilia""},{""adm2_code"":18342,""adm2_name"":""Rimini""}]",2023-05-19,2024-02-01
2023-0400-ITA,No,tec-tra-wat-wat,Technological,Transport,Water,Water,,Migrants,ITA,Italy,Southern Europe,Europe,Lampedusa,,,No,No,No,,,,,,,2023,6,22,2023,6,22,40,,,,,,,,,,,,,2023-07-04,2023-09-26
2023-0458-ITA,No,nat-met-sto-hai,Natural,Meteorological,Storm,Hail,,,ITA,Italy,Southern Europe,Europe,"Padoue, Vicence et Trévise regions (Venise)",,Flood,No,No,No,,,Kph,,,,2023,7,19,2023,7,20,,110,,,110,,,,,,,,"[{""adm2_code"":18415,""adm2_name"":""Padova""},{""adm2_code"":18417,""adm2_name"":""Treviso""},{""adm2_code"":18420,""adm2_name"":""Vicenza""}]",2023-07-24,2023-09-26
2023-0466-ITA,No,nat-met-sto-sev,Natural,Meteorological,Storm,Severe weather,,,ITA,Italy,Southern Europe,Europe,"Brescia, Lissone, Milan, Varese, Monza-Brianza, Bergamo",,Hail|Lightening,No,No,No,,110,Kph,,,,2023,7,21,2023,7,25,2,,,,,,,,,100000,,,,2023-07-25,2023-09-26
2023-0625-ITA,No,tec-tra-roa-roa,Technological,Transport,Road,Road,,,ITA,Italy,Southern Europe,Europe,Venice,,,No,No,No,,,,,,,2023,10,3,2023,10,3,21,,,,,,,,,,,,,2023-10-05,2023-10-18
2023-0724-ITA,No,nat-met-sto-ext,Natural,Meteorological,Storm,Extra-tropical storm,,Storm 'Ciaran',ITA,Italy,Southern Europe,Europe,"Prato, Fucecchio, Pontedera, Quarrata, Montemurlo, and Orentano (Tuscany); Veneto, Liguria and Emilia-Romagna Regions",,"Flood|Slide (land, mud, snow, rock)",No,No,Yes,,,Kph,,,,2023,11,2,2023,11,3,8,,1200,,1200,,,,,,,,,2023-11-06,2023-12-07
2023-9234-ITA,No,nat-cli-dro-dro,Natural,Climatological,Drought,Drought,,,ITA,Italy,Southern Europe,Europe,"Sicile, Sardaigne",,Fire|Pollution,No,No,Yes,,,Km2,,,,2023,,,2024,,,,,,,,,,,,,,,,2024-02-26,2024-03-12
2024-0129-ITA,No,nat-met-sto-ext,Natural,Meteorological,Storm,Extra-tropical storm,,Storm 'Monica' (Elfi),ITA,Italy,Southern Europe,Europe,"Liguria, Piedmont Regions; Lazio region, Aosta Valley, Veneto Regions ",,"Avalanche (Snow, Debris)|Flood|Slide (land, mud, snow, rock)",No,No,No,,,Kph,,,,2024,3,9,2024,3,10,1,3,,,3,,,,,,,,,2024-03-29,2024-03-29
